oomp_id,part_number_distributor_orbital_fasteners,part_number_manufacturer_metalmate,distributor_current,quantity_current,price_1_distributor_orbital_fasteners,price_100_distributor_orbital_fasteners,price_200_distributor_orbital_fasteners,price_1000_distributor_orbital_fasteners,price_10000_distributor_orbital_fasteners,webpage_distributor_orbital_fasteners,webpage_manufacturer_metalmate,name_manufacturer_metalmate,box_size_manufacturer_metalmate,box_of_box_size_manufacturer_metalmate,commonity_code,barcode_manufacturer_metalmate,price_1,price_100,price_200,price_1000,price_10000,price_current,project_bolt_tray_capacity_oobb_4_width_2_5_length_18_mm_depth,project_bolt_tray_capacity_oobb_4_width_2_5_length_18_mm_depth_weight,project_bolt_tray_capacity_oobb_2_5_width_2_length_18_mm_depth,weight,weight_10
hardware_washer_m3,1711000,0412T39,orbital_fasteners,1000,0.0036,0.0036,0.0036,0.0023,0.0018,https://www.orbitalfasteners.co.uk/products/m3-mild-steel-form-a-flat-washer-bright-zinc-plated-din-125-1a-3-2x7x05mm-,https://www.harclob2b.com/3mm-bright-plain-washer-form-a-self-colour-din-125-0412t39,3mm Bright Plain Washer Form A Self Colour DIN 125A,1000,36000,7318220098,5050420675253,0.0036,0.0036,0.0036,0.0023,0.0018,0.0023,,,,,
hardware_washer_m4,1711010,,orbital_fasteners,200,0.0034,0.0034,0.0034,0.0022,0.0017,https://www.orbitalfasteners.co.uk/products/m4-mild-steel-form-a-flat-washer-bright-zinc-plated-din-125-1a-4-3x9x0-8mm-,,,,,,,0.0034,0.0034,0.0034,0.0022,0.0017,0.0034,,,,,
hardware_washer_m5,1711020,,orbital_fasteners,200,0.0046,0.0046,0.0046,0.0029,0.0023,https://www.orbitalfasteners.co.uk/products/m5-mild-steel-form-a-flat-washer-bright-zinc-plated-din-125-1a-5-3x10x1mm-,,,,,,,0.0046,0.0046,0.0046,0.0029,0.0023,0.0046,,,,,
hardware_washer_m6,1711030,,orbital_fasteners,200,0.0064,0.0064,0.0064,0.004,0.0032,https://www.orbitalfasteners.co.uk/products/m6-mild-steel-form-a-flat-washer-bright-zinc-plated-din-125-1a-6-4x12-5x1-6mm-,,,,,,,0.0064,0.0064,0.0064,0.004,0.0032,0.0064,,,,,
hardware_washer_m8,1711040,,orbital_fasteners,200,0.0074,0.0074,0.0074,0.0062,,https://www.orbitalfasteners.co.uk/products/m8-mild-steel-form-a-flat-washer-bright-zinc-plated-din-125-1a-8-4x17x1-6mm-,,,,,,,0.0074,0.0074,0.0074,0.0062,,0.0074,,,,,
hardware_washer_m3_penny,1731000,,orbital_fasteners,200,0.0168,0.0168,0.0168,0.0106,0.0084,https://www.orbitalfasteners.co.uk/products/m3-x-12-x-0-8mm-penny-mudguard-repair-washer-mild-steel-bright-zinc-plated-din-9021,,,,,,,0.0168,0.0168,0.0168,0.0106,0.0084,0.0168,,,,,
hardware_washer_m4_penny,1731010,,orbital_fasteners,200,0.0346,0.0346,0.0346,0.0216,,https://www.orbitalfasteners.co.uk/products/m4-x-14-x-0-80mm-penny-mudguard-repair-washer-mild-steel-bright-zinc-plated-din-9021,,,,,,,0.0346,0.0346,0.0346,0.0216,,0.0346,,,,,
hardware_washer_m5_penny,1731050,,orbital_fasteners,200,0.0458,0.0458,0.0458,0.0287,0.0229,https://www.orbitalfasteners.co.uk/products/m5-x-30-x-1-5mm-penny-mudguard-repair-washer-mild-steel-bright-zinc-plated-din-9021,,,,,,,0.0458,0.0458,0.0458,0.0287,0.0229,0.0458,,,,,
hardware_washer_m6_penny,1731090,,orbital_fasteners,200,0.0787,0.0787,0.0492,0.0394,0.0394,https://www.orbitalfasteners.co.uk/products/m6-x-38-x-1-5mm-penny-mudguard-repair-washer-mild-steel-bright-zinc-plated-din-9021,,,,,,,0.0787,0.0787,0.0492,0.0394,0.0394,0.0492,,,,,
hardware_washer_m8_penny,1731116,,orbital_fasteners,200,0.1254,0.1254,0.1254,0.1045,,https://www.orbitalfasteners.co.uk/products/m8x38x15-penny-washer-steel-galv,,,,,,,0.1254,0.1254,0.1254,0.1045,,0.1254,,,,,
hardware_nut_m3,1771000,Z0322M39,orbital_fasteners,1000,0.0038,0.0038,0.0038,0.0038,0.0017,https://www.orbitalfasteners.co.uk/products/m3-mild-steel-hexagon-full-nuts-bright-zinc-plated,https://www.harclob2b.com/m3-din934-gr-8-din267-full-nut-zinc-plated-boxed-z0322m39,M3 DIN934 Gr.8 DIN267 Full Nut Zinc Plated Boxed,2000,64000,7318169290,5050420655088,0.0038,0.0038,0.0038,0.0038,0.0017,0.0038,250,79.66666667,125,0.318666667,3.186666667
hardware_nut_m4,1771010,Z0322M45,orbital_fasteners,200,0.0077,0.0077,0.0077,0.0043,0.0035,https://www.orbitalfasteners.co.uk/products/m4-hexagon-mild-steel-full-nuts-bright-zinc-plated,https://www.harclob2b.com/m4-din934-gr-8-din267-full-nut-zinc-plated-boxed-z0322m45,M4 DIN934 Gr.8 DIN267 Full Nut Zinc Plated Boxed,2000,32000,7318169290,5050420655101,0.0077,0.0077,0.0077,0.0043,0.0035,0.0077,,,,,
hardware_nut_m5,1771020,Z0332M47,orbital_fasteners,200,0.0076,0.0076,0.0076,0.0042,0.0034,https://www.orbitalfasteners.co.uk/products/m5-hexagon-mild-steel-full-nuts-bright-zinc-plated,https://www.harclob2b.com/m5-din934-gr-8-din267-full-nut-zinc-plated-bulk-pa-z0332m47,M5 DIN934 Gr.8 DIN267 Full Nut Zinc Plated Bulk Packed,14000,14000,7318169290,5050420017992,0.0076,0.0076,0.0076,0.0042,0.0034,0.0076,,,,,
hardware_nut_m6,1771030,Z0322M49,orbital_fasteners,200,0.0136,0.0136,0.0136,0.0076,0.006,https://www.orbitalfasteners.co.uk/products/m6-hexagon-mild-steel-full-nuts-bright-zinc-plated,https://www.harclob2b.com/m6-din934-gr-8-din267-full-nut-zinc-plated-boxed-z0322m49,M6 DIN934 Gr.8 DIN267 Full Nut Zinc Plated Boxed,500,8000,7318169290,5050420655125,0.0136,0.0136,0.0136,0.0076,0.006,0.0136,,,,,
hardware_nut_m8,1771040,Z0322M54,orbital_fasteners,200,0.0158,0.0158,0.0132,0.0119,,https://www.orbitalfasteners.co.uk/products/m8-hexagon-mild-steel-full-nuts-bright-zinc-plated,https://www.harclob2b.com/m8-din934-gr-8-din267-full-nut-zinc-plated-boxed-z0322m54,M8 DIN934 Gr.8 DIN267 Full Nut Zinc Plated Boxed,100,3200,7318169290,5050420655132,0.0158,0.0158,0.0132,0.0119,,0.0132,,,,,
hardware_nut_m4_locking,1781010,1657M45,orbital_fasteners,200,0.015,0.015,0.015,0.0094,0.0076,https://www.orbitalfasteners.co.uk/products/m4-nyloc-nut-steel-bright-zinc-plated-grade-8-din-982-type-p,https://www.harclob2b.com/m4-din-6924-type-p-nylon-insert-nut-class-8-zinc-p-1657m45,M4 DIN 6924 Type P Nylon Insert Nut Class 8 Zinc Plated Boxed,1000,16000,7318166090,5050420670586,0.015,0.015,0.015,0.0094,0.0076,0.015,,,,,
hardware_nut_m5_locking,1781020,1657M47,orbital_fasteners,200,0.0131,0.0131,0.0131,0.0082,,https://www.orbitalfasteners.co.uk/products/m5-nyloc-nut-steel-bright-zinc-plated-grade-8-din-982-type-p,https://www.harclob2b.com/m5-din982-type-p-nylon-insert-nut-class-8-zinc-pla-1657m47,M5 DIN982 Type P Nylon Insert Nut Class 8 Zinc Plated Boxed,1000,12000,7318166090,5050420670593,0.0131,0.0131,0.0131,0.0082,,0.0131,,,,,
hardware_nut_m6_locking,1781030,1657M49,orbital_fasteners,200,0.019,0.019,0.0119,0.0107,0.0095,https://www.orbitalfasteners.co.uk/products/m6-nyloc-nut-steel-bright-zinc-plated-grade-8-din-982-type-p,https://www.harclob2b.com/m6-din982-type-p-nylon-insert-nut-class-8-zinc-pla-1657m49,M6 DIN982 Type P Nylon Insert Nut Class 8 Zinc Plated Boxed,200,6000,7318166090,5050420670609,0.019,0.019,0.0119,0.0107,0.0095,0.0119,,,,,
hardware_nut_m8_locking,1781040,1657M54,orbital_fasteners,200,0.032,0.032,0.0268,0.0241,,https://www.orbitalfasteners.co.uk/products/m8-nyloc-nut-steel-bright-zinc-plated-grade-8-din-982-type-p,https://www.harclob2b.com/m8-din982-type-p-nylon-insert-nut-class-8-zinc-pla-1657m54,M8 DIN982 Type P Nylon Insert Nut Class 8 Zinc Plated Boxed,200,2400,7318166090,5050420670616,0.032,0.032,0.0268,0.0241,,0.0268,,,,,
hardware_set_screw_m3_8_mm_length,1850800,,orbital_fasteners,200,0.034,0.034,0.034,0.0188,0.0151,https://www.orbitalfasteners.co.uk/products/m3-x-8-hexagon-head-set-screws-high-tensile-grade-8-8-bright-zinc-plated-din-933,,,,,,,0.034,0.034,0.034,0.0188,0.0151,0.034,,,,,
hardware_set_screw_m3_10_mm_length,1850810,,orbital_fasteners,200,0.034,0.034,0.034,0.0188,0.0151,https://www.orbitalfasteners.co.uk/products/m3-x-10-hexagon-head-set-screws-high-tensile-grade-8-8-bright-zinc-plated-din-933,,,,,,,0.034,0.034,0.034,0.0188,0.0151,0.034,,,,,
hardware_set_screw_m3_12_mm_length,1850820,,orbital_fasteners,200,0.0362,0.0362,0.0362,0.0202,0.0161,https://www.orbitalfasteners.co.uk/products/m3-x-12-hexagon-head-set-screws-high-tensile-grade-8-8-bright-zinc-plated-din-933,,,,,,,0.0362,0.0362,0.0362,0.0202,0.0161,0.0362,,,,,
hardware_set_screw_m3_16_mm_length,1850830,,orbital_fasteners,200,0.04,0.04,0.04,0.0222,0.0178,https://www.orbitalfasteners.co.uk/products/m3-x-16-hexagon-head-set-screws-high-tensile-grade-8-8-bright-zinc-plated-din-933,,,,,,,0.04,0.04,0.04,0.0222,0.0178,0.04,,,,,
hardware_set_screw_m3_20_mm_length,1850840,,orbital_fasteners,200,0.0454,0.0454,0.0454,0.0252,0.0202,https://www.orbitalfasteners.co.uk/products/m3-x-20-hexagon-head-set-screws-high-tensile-grade-8-8-bright-zinc-plated-din-933,,,,,,,0.0454,0.0454,0.0454,0.0252,0.0202,0.0454,,,,,
hardware_set_screw_m3_25_mm_length,1850850,,orbital_fasteners,200,0.0481,0.0481,0.0481,0.0268,0.0214,https://www.orbitalfasteners.co.uk/products/m3-x-25-hexagon-head-set-screws-high-tensile-grade-8-8-bright-zinc-plated-din-933,,,,,,,0.0481,0.0481,0.0481,0.0268,0.0214,0.0481,,,,,
hardware_set_screw_m4_8_mm_length,1850990,,orbital_fasteners,200,0.0232,0.0232,0.0232,0.0128,0.0103,https://www.orbitalfasteners.co.uk/products/m4-x-8-hexagon-head-set-screws-high-tensile-grade-8-8-bright-zinc-plated,,,,,,,0.0232,0.0232,0.0232,0.0128,0.0103,0.0232,,,,,
hardware_set_screw_m4_10_mm_length,1851000,,orbital_fasteners,200,0.0232,0.0232,0.0232,0.0128,0.0103,https://www.orbitalfasteners.co.uk/products/m4-x-10-hexagon-head-set-screws-high-tensile-grade-8-8-bright-zinc-plated,,,,,,,0.0232,0.0232,0.0232,0.0128,0.0103,0.0232,,,,,
hardware_set_screw_m4_12_mm_length,1851010,,orbital_fasteners,200,0.0254,0.0254,0.0254,0.0142,0.0113,https://www.orbitalfasteners.co.uk/products/m4-x-12-hexagon-head-set-screws-high-tensile-grade-8-8-bright-zinc-plated,,,,,,,0.0254,0.0254,0.0254,0.0142,0.0113,0.0254,,,,,
hardware_set_screw_m4_16_mm_length,1851020,,orbital_fasteners,200,0.029,0.029,0.029,0.0162,0.013,https://www.orbitalfasteners.co.uk/products/m4-x-16-hexagon-head-set-screws-high-tensile-grade-8-8-bright-zinc-plated,,,,,,,0.029,0.029,0.029,0.0162,0.013,0.029,,,,,
hardware_set_screw_m4_20_mm_length,1851030,,orbital_fasteners,200,0.0328,0.0328,0.0328,0.0182,0.0145,https://www.orbitalfasteners.co.uk/products/m4-x-20-hexagon-head-set-screws-high-tensile-grade-8-8-bright-zinc-plated,,,,,,,0.0328,0.0328,0.0328,0.0182,0.0145,0.0328,,,,,
hardware_set_screw_m4_25_mm_length,1851040,,orbital_fasteners,200,0.0379,0.0379,0.0379,0.0211,0.0169,https://www.orbitalfasteners.co.uk/products/m4-x-25-hexagon-head-set-screws-high-tensile-grade-8-8-bright-zinc-plated,,,,,,,0.0379,0.0379,0.0379,0.0211,0.0169,0.0379,,,,,
hardware_set_screw_m3_30_mm_length,1851050,,orbital_fasteners,200,0.0424,0.0424,0.0424,0.0235,0.0188,https://www.orbitalfasteners.co.uk/products/m4-x-30-hexagon-head-set-screws-high-tensile-grade-8-8-bright-zinc-plated,,,,,,,0.0424,0.0424,0.0424,0.0235,0.0188,0.0424,,,,,
hardware_set_screw_m4_30_mm_length,1851050,,orbital_fasteners,200,0.0424,0.0424,0.0424,0.0235,0.0188,https://www.orbitalfasteners.co.uk/products/m4-x-30-hexagon-head-set-screws-high-tensile-grade-8-8-bright-zinc-plated,,,,,,,0.0424,0.0424,0.0424,0.0235,0.0188,0.0424,,,,,
hardware_set_screw_m4_35_mm_length,1851051,,orbital_fasteners,200,0.0481,0.0481,0.0481,0.0268,0.0214,https://www.orbitalfasteners.co.uk/products/m4-x-35-hexagon-head-set-screws-high-tensile-grade-8-8-bright-zinc-plated,,,,,,,0.0481,0.0481,0.0481,0.0268,0.0214,0.0481,,,,,
hardware_set_screw_m4_40_mm_length,1851052,,orbital_fasteners,200,0.0481,0.0481,0.0481,0.0268,0.0214,https://www.orbitalfasteners.co.uk/products/m4-x-40-hexagon-head-set-screws-high-tensile-grade-8-8-bright-zinc-plated,,,,,,,0.0481,0.0481,0.0481,0.0268,0.0214,0.0481,,,,,
hardware_set_screw_m4_50_mm_length,1851054,,orbital_fasteners,200,0.062,0.062,0.062,0.0344,0.0276,https://www.orbitalfasteners.co.uk/products/m4-x-50-hexagon-head-set-screws-high-tensile-grade-8-8-bright-zinc-plated,,,,,,,0.062,0.062,0.062,0.0344,0.0276,0.062,,,,,
hardware_set_screw_m5_8_mm_length,1851060,Z0318M470008,orbital_fasteners,200,0.0232,0.0232,0.0232,0.0128,0.0103,https://www.orbitalfasteners.co.uk/products/m5-x-8-hexagon-head-set-screws-high-tensile-grade-8-8-bright-zinc-plated,,,,,,,0.0232,0.0232,0.0232,0.0128,0.0103,0.0232,,,,,
hardware_set_screw_m5_10_mm_length,1851070,Z0318M470010,orbital_fasteners,200,0.0232,0.0232,0.0232,0.0128,0.0103,https://www.orbitalfasteners.co.uk/products/m5-x-10-hexagon-head-set-screws-high-tensile-grade-8-8-bright-zinc-plated,https://www.harclob2b.com/m5-x-10-high-tensile-set-gr-8-8-zinc-plated-metalm-z0318m470010,M5 x 10 High Tensile Set Gr 8.8 Zinc Plated Metalmate DIN 933 (ISO 4017),500,9000,7318158880,5050420654067,0.0232,0.0232,0.0232,0.0128,0.0103,0.0232,,,,,
hardware_set_screw_m5_12_mm_length,1851080,Z0318M470012,orbital_fasteners,200,0.0254,0.0254,0.0254,0.0142,0.0113,https://www.orbitalfasteners.co.uk/products/m5-x-12-hexagon-head-set-screws-high-tensile-grade-8-8-bright-zinc-plated,https://www.harclob2b.com/m5-x-12-high-tensile-set-gr-8-8-zinc-plated-metalm-z0318m470012,M5 x 12 High Tensile Set Gr 8.8 Zinc Plated Metalmate DIN 933 (ISO 4017),500,6000,7318158880,5050420654074,0.0254,0.0254,0.0254,0.0142,0.0113,0.0254,,,,,
hardware_set_screw_m5_16_mm_length,1851090,Z0318M470016,orbital_fasteners,200,0.029,0.029,0.029,0.0162,0.013,https://www.orbitalfasteners.co.uk/products/m5-x-16-hexagon-head-set-screws-high-tensile-grade-8-8-bright-zinc-plated,https://www.harclob2b.com/m5-x-16-high-tensile-set-gr-8-8-zinc-plated-metalm-z0318m470016,M5 x 16 High Tensile Set Gr 8.8 Zinc Plated Metalmate DIN 933 (ISO 4017),500,6000,7318158880,5050420654081,0.029,0.029,0.029,0.0162,0.013,0.029,,,,,
hardware_set_screw_m5_20_mm_length,1851100,Z0318M470020,orbital_fasteners,200,0.0328,0.0328,0.0328,0.0182,0.0145,https://www.orbitalfasteners.co.uk/products/m5-x-20-hexagon-head-set-screws-high-tensile-grade-8-8-bright-zinc-plated,https://www.harclob2b.com/m5-x-20-high-tensile-set-gr-8-8-zinc-plated-metalm-z0318m470020,M5 x 20 High Tensile Set Gr 8.8 Zinc Plated Metalmate DIN 933 (ISO 4017),500,5000,7318158880,5050420654098,0.0328,0.0328,0.0328,0.0182,0.0145,0.0328,,,,,
hardware_set_screw_m5_22_mm_length,1851105,,orbital_fasteners,200,0.108,0.108,0.108,0.06,0.048,https://www.orbitalfasteners.co.uk/products/m5-x-22-hexagon-head-set-screws-high-tensile-grade-8-8-bright-zinc-plated,,,,,,,0.108,0.108,0.108,0.06,0.048,0.108,,,,,
hardware_set_screw_m5_25_mm_length,1851110,,orbital_fasteners,200,0.0379,0.0379,0.0379,0.0211,0.0168,https://www.orbitalfasteners.co.uk/products/m5-x-25-hexagon-head-set-screws-high-tensile-grade-8-8-bright-zinc-plated,,,,,,,0.0379,0.0379,0.0379,0.0211,0.0168,0.0379,,,,,
hardware_set_screw_m5_30_mm_length,1851120,Z0318M470030,orbital_fasteners,200,0.0424,0.0424,0.0424,0.0235,0.0188,https://www.orbitalfasteners.co.uk/products/m5-x-30-hexagon-head-set-screws-high-tensile-grade-8-8-bright-zinc-plated,https://www.harclob2b.com/m5-x-30-high-tensile-set-gr-8-8-zinc-plated-metalm-z0318m470030,M5 x 30 High Tensile Set Gr 8.8 Zinc Plated Metalmate DIN 933 (ISO 4017),500,4000,7318158880,5050420672283,0.0424,0.0424,0.0424,0.0235,0.0188,0.0424,,,,,
hardware_set_screw_m5_35_mm_length,1851130,,orbital_fasteners,200,0.0481,0.0481,0.0481,0.0268,0.0214,https://www.orbitalfasteners.co.uk/products/m5-x-35-hexagon-head-set-screws-high-tensile-grade-8-8-bright-zinc-plated,,,,,,,0.0481,0.0481,0.0481,0.0268,0.0214,0.0481,,,,,
hardware_set_screw_m5_40_mm_length,1851140,Z0318M470040,orbital_fasteners,200,0.0481,0.0481,0.0268,0.0241,0.0214,https://www.orbitalfasteners.co.uk/products/m5-x-40-hexagon-head-set-screws-high-tensile-grade-8-8-bright-zinc-plated,https://www.harclob2b.com/m5-x-40-high-tensile-set-gr-8-8-zinc-plated-metalm-z0318m470040,M5 x 40 High Tensile Set Gr 8.8 Zinc Plated Metalmate DIN 933 (ISO 4017),200,2400,7318158880,5050420654104,0.0481,0.0481,0.0268,0.0241,0.0214,0.0268,,,,,
hardware_set_screw_m5_50_mm_length,1851141,Z0318M470050,orbital_fasteners,200,0.062,0.062,0.0344,0.0276,0.0276,https://www.orbitalfasteners.co.uk/products/m5-x-50-hexagon-head-set-screws-high-tensile-grade-8-8-bright-zinc-plated,https://www.harclob2b.com/m5-x-50-high-tensile-set-gr-8-8-zinc-plated-metalm-z0318m470050,M5 x 50 High Tensile Set Gr 8.8 Zinc Plated Metalmate DIN 933 (ISO 4017),200,2000,7318158880,5050420654111,0.062,0.062,0.0344,0.0276,0.0276,0.0344,,,,,
hardware_set_screw_m5_45_mm_length,1851142,,orbital_fasteners,200,0.0571,0.0571,0.0318,0.0254,0.0254,https://www.orbitalfasteners.co.uk/products/m5-x-45-hexagon-head-set-screws-high-tensile-grade-8-8-bright-zinc-plated-din-933,,,,,,,0.0571,0.0571,0.0318,0.0254,0.0254,0.0318,,,,,
hardware_set_screw_m5_60_mm_length,1851143,Z0318M470060,orbital_fasteners,200,0.073,0.073,0.0406,0.0324,0.0324,https://www.orbitalfasteners.co.uk/products/m5-x-60-hexagon-head-set-screws-high-tensile-grade-8-8-bright-zinc-plated-,https://www.harclob2b.com/m5-x-60-high-tensile-set-gr-8-8-zinc-plated-metalm-z0318m470060,M5 x 60 High Tensile Set Gr 8.8 Zinc Plated Metalmate DIN 933 (ISO 4017),200,2000,7318158880,5050420675192,0.073,0.073,0.0406,0.0324,0.0324,0.0406,,,,,
hardware_set_screw_m5_70_mm_length,1851145,,orbital_fasteners,200,0.1342,0.0745,0.0745,0.0596,0.0596,https://www.orbitalfasteners.co.uk/products/m5-x-70-hexagon-head-set-screws-high-tensile-grade-8-8-bright-zinc-plated,,,,,,,0.1342,0.0745,0.0745,0.0596,0.0596,0.0745,,,,,
hardware_set_screw_m5_80_mm_length,1851147,,orbital_fasteners,200,0.216,0.12,0.12,0.096,0.096,https://www.orbitalfasteners.co.uk/products/m5-x-80-hexagon-head-set-screws-high-tensile-grade-8-8-bright-zinc-plated,,,,,,,0.216,0.12,0.12,0.096,0.096,0.12,,,,,
hardware_set_screw_m6_8_mm_length,1851149,Z0318M490008,orbital_fasteners,200,0.0232,0.0232,0.0232,0.0128,0.0103,https://www.orbitalfasteners.co.uk/products/m6-x-8-hexagon-head-set-screws-high-tensile-grade-8-8-bright-zinc-plated-din-933,https://www.harclob2b.com/m6-x-8-high-tensile-set-gr-8-8-zinc-plated-metalma-z0318m490008,M6 x 8 High Tensile Set Gr 8.8 Zinc Plated Metalmate DIN 933 (ISO 4017),500,6000,7318158880,5050420654128,0.0232,0.0232,0.0232,0.0128,0.0103,0.0232,,,,,
hardware_set_screw_m6_10_mm_length,1851150,Z0318M490010,orbital_fasteners,200,0.0232,0.0232,0.0232,0.0128,0.0103,https://www.orbitalfasteners.co.uk/products/m6-x-10-hexagon-head-set-screws-high-tensile-grade-8-8-bright-zinc-plated,https://www.harclob2b.com/m6-x-10-high-tensile-set-gr-8-8-zinc-plated-metalm-z0318m490010,M6 x 10 High Tensile Set Gr 8.8 Zinc Plated Metalmate DIN 933 (ISO 4017),500,5000,7318158880,5050420654135,0.0232,0.0232,0.0232,0.0128,0.0103,0.0232,,,,,
hardware_set_screw_m6_12_mm_length,1851160,Z0318M490012,orbital_fasteners,200,0.0254,0.0254,0.0254,0.0142,0.0113,https://www.orbitalfasteners.co.uk/products/m6-x-12-hexagon-head-set-screws-high-tensile-grade-8-8-bright-zinc-plated,https://www.harclob2b.com/m6-x-12-high-tensile-set-gr-8-8-zinc-plated-metalm-z0318m490012,M6 x 12 High Tensile Set Gr 8.8 Zinc Plated Metalmate DIN 933 (ISO 4017),500,5000,7318158880,5050420654142,0.0254,0.0254,0.0254,0.0142,0.0113,0.0254,,,,,
hardware_set_screw_m6_16_mm_length,1851170,Z0318M490016,orbital_fasteners,200,0.029,0.029,0.029,0.0162,0.013,https://www.orbitalfasteners.co.uk/products/m6-x-16-hexagon-head-set-screws-high-tensile-grade-8-8-bright-zinc-plated,https://www.harclob2b.com/m6-x-16-high-tensile-set-gr-8-8-zinc-plated-metalm-z0318m490016,M6 x 16 High Tensile Set Gr 8.8 Zinc Plated Metalmate DIN 933 (ISO 4017),500,4000,7318158880,5050420654159,0.029,0.029,0.029,0.0162,0.013,0.029,,,,,
hardware_set_screw_m6_18_mm_length,1851178,,orbital_fasteners,200,0.0551,0.0551,0.0551,0.0306,0.0245,https://www.orbitalfasteners.co.uk/products/m6-x-18-hexagon-head-set-screws-high-tensile-grade-8-8-bright-zinc-plated-din-933,,,,,,,0.0551,0.0551,0.0551,0.0306,0.0245,0.0551,,,,,
hardware_set_screw_m6_20_mm_length,1851180,Z0318M490020,orbital_fasteners,200,0.0328,0.0328,0.0328,0.0182,0.0145,https://www.orbitalfasteners.co.uk/products/m6-x-20-hexagon-head-set-screws-high-tensile-grade-8-8-bright-zinc-plated,https://www.harclob2b.com/m6-x-20-high-tensile-set-gr-8-8-zinc-plated-metalm-z0318m490020,M6 x 20 High Tensile Set Gr 8.8 Zinc Plated Metalmate DIN 933 (ISO 4017),500,4000,7318158880,5050420654166,0.0328,0.0328,0.0328,0.0182,0.0145,0.0328,,,,,
hardware_set_screw_m6_22_mm_length,1851182,,orbital_fasteners,200,0.0676,0.0676,0.0676,0.0376,0.03,https://www.orbitalfasteners.co.uk/products/m6-x-22-hexagon-head-set-screws-high-tensile-grade-8-8-bright-zinc-plated-din-933,,,,,,,0.0676,0.0676,0.0676,0.0376,0.03,0.0676,,,,,
hardware_set_screw_m6_25_mm_length,1851190,Z0318M490025,orbital_fasteners,200,0.0379,0.0379,0.0379,0.0211,0.0168,https://www.orbitalfasteners.co.uk/products/m6-x-25-hexagon-head-set-screws-high-tensile-grade-8-8-bright-zinc-plated,https://www.harclob2b.com/m6-x-25-high-tensile-set-gr-8-8-zinc-plated-metalm-z0318m490025,M6 x 25 High Tensile Set Gr 8.8 Zinc Plated Metalmate DIN 933 (ISO 4017),500,3000,7318158880,5050420654173,0.0379,0.0379,0.0379,0.0211,0.0168,0.0379,,,,,
hardware_set_screw_m6_30_mm_length,1851200,Z0318M490030,orbital_fasteners,200,0.0424,0.0424,0.0424,0.0235,0.0188,https://www.orbitalfasteners.co.uk/products/m6-x-30-hexagon-head-set-screws-high-tensile-grade-8-8-bright-zinc-plated,https://www.harclob2b.com/m6-x-30-high-tensile-set-gr-8-8-zinc-plated-metalm-z0318m490030,M6 x 30 High Tensile Set Gr 8.8 Zinc Plated Metalmate DIN 933 (ISO 4017),500,3000,7318158880,5050420654180,0.0424,0.0424,0.0424,0.0235,0.0188,0.0424,,,,,
hardware_set_screw_m6_35_mm_length,1851210,Z0318M490035,orbital_fasteners,200,0.0481,0.0481,0.0268,0.0241,0.0214,https://www.orbitalfasteners.co.uk/products/m6-x-35-hexagon-head-set-screws-high-tensile-grade-8-8-bright-zinc-plated,https://www.harclob2b.com/m6-x-35-high-tensile-set-gr-8-8-zinc-plated-metalm-z0318m490035,M6 x 35 High Tensile Set Gr 8.8 Zinc Plated Metalmate DIN 933 (ISO 4017),200,2400,7318158880,5050420654197,0.0481,0.0481,0.0268,0.0241,0.0214,0.0268,,,,,
hardware_set_screw_m6_40_mm_length,1851220,Z0318M490040,orbital_fasteners,200,0.0481,0.0481,0.0268,0.0241,0.0214,https://www.orbitalfasteners.co.uk/products/m6-x-40-hexagon-head-set-screws-high-tensile-grade-8-8-bright-zinc-plated,https://www.harclob2b.com/m6-x-40-high-tensile-set-gr-8-8-zinc-plated-metalm-z0318m490040,M6 x 40 High Tensile Set Gr 8.8 Zinc Plated Metalmate DIN 933 (ISO 4017),200,2000,7318158880,5050420654203,0.0481,0.0481,0.0268,0.0241,0.0214,0.0268,,,,,
hardware_set_screw_m6_45_mm_length,1851225,Z0318M490045,orbital_fasteners,200,0.0571,0.0571,0.0318,0.0286,0.0254,https://www.orbitalfasteners.co.uk/products/m6-x-45-hexagon-head-set-screws-high-tensile-grade-8-8-bright-zinc-plated-,https://www.harclob2b.com/m6-x-45-high-tensile-set-gr-8-8-zinc-plated-metalm-z0318m490045,M6 x 45 High Tensile Set Gr 8.8 Zinc Plated Metalmate DIN 933 (ISO 4017),200,2000,7318158880,5050420675857,0.0571,0.0571,0.0318,0.0286,0.0254,0.0318,,,,,
hardware_set_screw_m6_50_mm_length,1851230,Z0318M490050,orbital_fasteners,200,0.062,0.062,0.0344,0.0276,0.0276,https://www.orbitalfasteners.co.uk/products/m6-x-50-hexagon-head-set-screws-high-tensile-grade-8-8-bright-zinc-plated,https://www.harclob2b.com/m6-x-50-high-tensile-set-gr-8-8-zinc-plated-metalm-z0318m490050,M6 x 50 High Tensile Set Gr 8.8 Zinc Plated Metalmate DIN 933 (ISO 4017),200,1600,7318158880,5050420654210,0.062,0.062,0.0344,0.0276,0.0276,0.0344,,,,,
hardware_set_screw_m6_55_mm_length,1851235,Z0318M490055,orbital_fasteners,200,0.0677,0.0677,0.0376,0.0301,0.0301,https://www.orbitalfasteners.co.uk/products/m6-x-55-hexagon-head-set-screws-high-tensile-grade-8-8-bright-zinc-plated-,https://www.harclob2b.com/m6-x-55-high-tensile-set-gr-8-8-zinc-plated-metalm-z0318m490055,M6 x 55 High Tensile Set Gr 8.8 Zinc Plated Metalmate DIN 933 (ISO 4017),200,1600,7318158880,5050420675864,0.0677,0.0677,0.0376,0.0301,0.0301,0.0376,,,,,
hardware_set_screw_m6_60_mm_length,1851240,Z0318M490060,orbital_fasteners,200,0.073,0.073,0.0406,0.0365,0.0324,https://www.orbitalfasteners.co.uk/products/m6-x-60-hexagon-head-set-screws-high-tensile-grade-8-8-bright-zinc-plated,https://www.harclob2b.com/m6-x-60-high-tensile-set-gr-8-8-zinc-plated-metalm-z0318m490060,M6 x 60 High Tensile Set Gr 8.8 Zinc Plated Metalmate DIN 933 (ISO 4017),200,1200,7318158880,5050420675871,0.073,0.073,0.0406,0.0365,0.0324,0.0406,,,,,
hardware_set_screw_m6_65_mm_length,1851245,Z0318M490065,orbital_fasteners,200,0.0766,0.0766,0.0426,0.0383,0.0341,https://www.orbitalfasteners.co.uk/products/m6-x-65-hexagon-head-set-screws-high-tensile-grade-8-8-bright-zinc-plated-,https://www.harclob2b.com/m6-x-65-high-tensile-set-gr-8-8-zinc-plated-metalm-z0318m490065,M6 x 65 High Tensile Set Gr 8.8 Zinc Plated Metalmate DIN 933 (ISO 4017),200,1200,7318158880,5050420680103,0.0766,0.0766,0.0426,0.0383,0.0341,0.0426,,,,,
hardware_set_screw_m6_75_mm_length,1851247,Z0318M490075,orbital_fasteners,200,0.0853,0.0853,0.0474,0.0427,0.0379,https://www.orbitalfasteners.co.uk/products/m6-x-75-hexagon-head-set-screws-high-tensile-grade-8-8-bright-zinc-plated-,https://www.harclob2b.com/m6-x-75-high-tensile-set-gr-8-8-zinc-plated-metalm-z0318m490075,M6 x 75 High Tensile Set Gr 8.8 Zinc Plated Metalmate DIN 933 (ISO 4017),200,1200,7318158880,5050420675888,0.0853,0.0853,0.0474,0.0427,0.0379,0.0474,,,,,
hardware_set_screw_m6_70_mm_length,1851250,Z0318M490070,orbital_fasteners,200,0.0802,0.0802,0.0445,0.0401,0.0356,https://www.orbitalfasteners.co.uk/products/m6-x-70-hexagon-head-set-screws-high-tensile-grade-8-8-bright-zinc-plated,https://www.harclob2b.com/m6-x-70-high-tensile-set-gr-8-8-zinc-plated-metalm-z0318m490070,M6 x 70 High Tensile Set Gr 8.8 Zinc Plated Metalmate DIN 933 (ISO 4017),200,1200,7318158880,5050420654227,0.0802,0.0802,0.0445,0.0401,0.0356,0.0445,,,,,
hardware_set_screw_m6_80_mm_length,1851251,Z0318M490080,orbital_fasteners,200,0.0932,0.0518,0.0518,0.0414,0.0414,https://www.orbitalfasteners.co.uk/products/m6-x-80-hexagon-head-set-screws-high-tensile-grade-8-8-bright-zinc-plated,https://www.harclob2b.com/m6-x-80-high-tensile-set-gr-8-8-zinc-plated-metalm-z0318m490080,M6 x 80 High Tensile Set Gr 8.8 Zinc Plated Metalmate DIN 933 (ISO 4017),100,1000,7318158880,5050420675895,0.0932,0.0518,0.0518,0.0414,0.0414,0.0518,,,,,
hardware_set_screw_m6_90_mm_length,1851252,Z0318M490090,orbital_fasteners,200,0.1813,0.1008,0.1008,0.0806,0.0806,https://www.orbitalfasteners.co.uk/products/m6-x-90-hexagon-head-set-screws-high-tensile-grade-8-8-bright-zinc-plated,https://www.harclob2b.com/m6-x-90-high-tensile-set-gr-8-8-zinc-plated-metalm-z0318m490090,M6 x 90 High Tensile Set Gr 8.8 Zinc Plated Metalmate DIN 933 (ISO 4017),100,1000,7318158880,5050420664806,0.1813,0.1008,0.1008,0.0806,0.0806,0.1008,,,,,
hardware_set_screw_m6_100_mm_length,1851253,Z0318M490100,orbital_fasteners,200,0.2543,0.1412,0.1412,0.113,0.113,https://www.orbitalfasteners.co.uk/products/m6-x-100-hexagon-head-set-screws-high-tensile-grade-8-8-bright-zinc-plated,https://www.harclob2b.com/m6-x-100-high-tensile-set-gr-8-8-zinc-plated-metal-z0318m490100,M6 x 100 High Tensile Set Gr 8.8 Zinc Plated Metalmate DIN 933 (ISO 4017),100,1000,7318158880,5050420654234,0.2543,0.1412,0.1412,0.113,0.113,0.1412,,,,,
hardware_set_screw_m8_100_mm_length,1851412,Z0318M540100,orbital_fasteners,200,0.2101,0.1313,0.1313,0.105,0.105,https://www.orbitalfasteners.co.uk/products/m8-x-100-hexagon-head-set-screws-high-tensile-grade-8-8-bright-zinc-plated,https://www.harclob2b.com/m8-x-100-high-tensile-set-gr-8-8-zinc-plated-metal-z0318m540100,M8 x 100 High Tensile Set Gr 8.8 Zinc Plated Metalmate DIN 933 (ISO 4017),100,600,7318158880,5050420654395,0.2101,0.1313,0.1313,0.105,0.105,0.1313,,,,,
hardware_set_screw_m8_10_mm_length,1851254,Z0318M540010,orbital_fasteners,200,0.0409,0.0409,0.0256,0.023,0.0204,https://www.orbitalfasteners.co.uk/products/m8-x-10-hexagon-head-set-screws-high-tensile-grade-8-8-bright-zinc-plated,https://www.harclob2b.com/m8-x-10-high-tensile-set-gr-8-8-zinc-plated-metalm-z0318m540010,M8 x 10 High Tensile Set Gr 8.8 Zinc Plated Metalmate DIN 933 (ISO 4017),200,2400,7318158880,5050420654241,0.0409,0.0409,0.0256,0.023,0.0204,0.0256,,,,,
hardware_set_screw_m8_12_mm_length,1851270,Z0318M540012,orbital_fasteners,200,0.0434,0.0434,0.0271,0.0245,0.0217,https://www.orbitalfasteners.co.uk/products/m8-x-12-hexagon-head-set-screws-high-tensile-grade-8-8-bright-zinc-plated,https://www.harclob2b.com/m8-x-12-high-tensile-set-gr-8-8-zinc-plated-metalm-z0318m540012,M8 x 12 High Tensile Set Gr 8.8 Zinc Plated Metalmate DIN 933 (ISO 4017),200,2400,7318158880,5050420675901,0.0434,0.0434,0.0271,0.0245,0.0217,0.0271,,,,,
hardware_set_screw_m8_16_mm_length,1851280,Z0318M540016,orbital_fasteners,200,0.0502,0.0502,0.0314,0.0282,0.0251,https://www.orbitalfasteners.co.uk/products/m8-x-16-hexagon-head-set-screws-high-tensile-grade-8-8-bright-zinc-plated,https://www.harclob2b.com/m8-x-16-high-tensile-set-gr-8-8-zinc-plated-metalm-z0318m540016,M8 x 16 High Tensile Set Gr 8.8 Zinc Plated Metalmate DIN 933 (ISO 4017),200,2000,7318158880,5050420654258,0.0502,0.0502,0.0314,0.0282,0.0251,0.0314,,,,,
hardware_set_screw_m8_20_mm_length,1851290,Z0318M540020,orbital_fasteners,200,0.0557,0.0557,0.0348,0.0278,0.0278,https://www.orbitalfasteners.co.uk/products/m8-x-20-hexagon-head-set-screws-high-tensile-grade-8-8-bright-zinc-plated,https://www.harclob2b.com/m8-x-20-high-tensile-set-gr-8-8-zinc-plated-metalm-z0318m540020,M8 x 20 High Tensile Set Gr 8.8 Zinc Plated Metalmate DIN 933 (ISO 4017),200,1600,7318158880,5050420654265,0.0557,0.0557,0.0348,0.0278,0.0278,0.0348,,,,,
hardware_set_screw_m8_25_mm_length,1851300,Z0318M540025,orbital_fasteners,200,0.0601,0.0601,0.0376,0.0301,0.0301,https://www.orbitalfasteners.co.uk/products/m8-x-25-hexagon-head-set-screws-high-tensile-grade-8-8-bright-zinc-plated,https://www.harclob2b.com/m8-x-25-high-tensile-set-gr-8-8-zinc-plated-metalm-z0318m540025,M8 x 25 High Tensile Set Gr 8.8 Zinc Plated Metalmate DIN 933 (ISO 4017),200,1600,7318158880,5050420654272,0.0601,0.0601,0.0376,0.0301,0.0301,0.0376,,,,,
hardware_set_screw_m8_30_mm_length,1851310,Z0318M540030,orbital_fasteners,200,0.0673,0.0673,0.0421,0.0378,0.0336,https://www.orbitalfasteners.co.uk/products/m8-x-30-hexagon-head-set-screws-high-tensile-grade-8-8-bright-zinc-plated,https://www.harclob2b.com/m8-x-30-high-tensile-set-gr-8-8-zinc-plated-metalm-z0318m540030,M8 x 30 High Tensile Set Gr 8.8 Zinc Plated Metalmate DIN 933 (ISO 4017),200,1200,7318158880,5050420654289,0.0673,0.0673,0.0421,0.0378,0.0336,0.0421,,,,,
hardware_set_screw_m8_35_mm_length,1851320,Z0318M540035,orbital_fasteners,200,0.0744,0.0744,0.0466,0.0419,0.0372,https://www.orbitalfasteners.co.uk/products/m8-x-35-hexagon-head-set-screws-high-tensile-grade-8-8-bright-zinc-plated,https://www.harclob2b.com/m8-x-35-high-tensile-set-gr-8-8-zinc-plated-metalm-z0318m540035,M8 x 35 High Tensile Set Gr 8.8 Zinc Plated Metalmate DIN 933 (ISO 4017),200,1200,7318158880,5050420654296,0.0744,0.0744,0.0466,0.0419,0.0372,0.0466,,,,,
hardware_set_screw_m8_40_mm_length,1851330,Z0318M540040,orbital_fasteners,200,0.0796,0.0796,0.0497,0.0448,0.0397,https://www.orbitalfasteners.co.uk/products/m8-x-40-hexagon-head-set-screws-high-tensile-grade-8-8-bright-zinc-plated,https://www.harclob2b.com/m8-x-40-high-tensile-set-gr-8-8-zinc-plated-metalm-z0318m540040,M8 x 40 High Tensile Set Gr 8.8 Zinc Plated Metalmate DIN 933 (ISO 4017),200,1200,7318158880,5050420654302,0.0796,0.0796,0.0497,0.0448,0.0397,0.0497,,,,,
hardware_set_screw_m8_45_mm_length,1851340,Z0318M540045,orbital_fasteners,200,0.0874,0.0874,0.0546,0.0492,0.0437,https://www.orbitalfasteners.co.uk/products/m8-x-45-hexagon-head-set-screws-high-tensile-grade-8-8-bright-zinc-plated,https://www.harclob2b.com/m8-x-45-high-tensile-set-gr-8-8-zinc-plated-metalm-z0318m540045,M8 x 45 High Tensile Set Gr 8.8 Zinc Plated Metalmate DIN 933 (ISO 4017),200,800,7318158880,5050420654319,0.0874,0.0874,0.0546,0.0492,0.0437,0.0546,,,,,
hardware_set_screw_m8_50_mm_length,1851350,Z0318M540050,orbital_fasteners,200,0.0943,0.0943,0.0589,0.053,0.0472,https://www.orbitalfasteners.co.uk/products/m8-x-50-hexagon-head-set-screws-high-tensile-grade-8-8-bright-zinc-plated,https://www.harclob2b.com/m8-x-50-high-tensile-set-gr-8-8-zinc-plated-metalm-z0318m540050,M8 x 50 High Tensile Set Gr 8.8 Zinc Plated Metalmate DIN 933 (ISO 4017),200,800,7318158880,5050420654326,0.0943,0.0943,0.0589,0.053,0.0472,0.0589,,,,,
hardware_set_screw_m8_55_mm_length,1851360,Z0318M540055,orbital_fasteners,200,0.1003,0.1003,0.0628,0.0564,0.0502,https://www.orbitalfasteners.co.uk/products/m8-x-55-hexagon-head-set-screws-high-tensile-grade-8-8-bright-zinc-plated,https://www.harclob2b.com/m8-x-55-high-tensile-set-gr-8-8-zinc-plated-metalm-z0318m540055,M8 x 55 High Tensile Set Gr 8.8 Zinc Plated Metalmate DIN 933 (ISO 4017),200,800,7318158880,5050420654333,0.1003,0.1003,0.0628,0.0564,0.0502,0.0628,,,,,
hardware_set_screw_m8_60_mm_length,1851370,Z0318M540060,orbital_fasteners,200,0.1528,0.1528,0.0955,0.0764,0.0764,https://www.orbitalfasteners.co.uk/products/m8-x-60-hexagon-head-set-screws-high-tensile-grade-8-8-bright-zinc-plated,https://www.harclob2b.com/m8-x-60-high-tensile-set-gr-8-8-zinc-plated-metalm-z0318m540060,M8 x 60 High Tensile Set Gr 8.8 Zinc Plated Metalmate DIN 933 (ISO 4017),200,800,7318158880,5050420654340,0.1528,0.1528,0.0955,0.0764,0.0764,0.0955,,,,,
hardware_set_screw_m8_65_mm_length,1851380,Z0318M540065,orbital_fasteners,200,0.194,0.1213,0.1213,0.0971,0.0971,https://www.orbitalfasteners.co.uk/products/m8-x-65-hexagon-head-set-screws-high-tensile-grade-8-8-bright-zinc-plated,https://www.harclob2b.com/m8-x-65-high-tensile-set-gr-8-8-zinc-plated-metalm-z0318m540065,M8 x 65 High Tensile Set Gr 8.8 Zinc Plated Metalmate DIN 933 (ISO 4017),100,800,7318158880,5050420654357,0.194,0.1213,0.1213,0.0971,0.0971,0.1213,,,,,
hardware_set_screw_m8_70_mm_length,1851390,Z0318M540070,orbital_fasteners,200,0.1211,0.0757,0.0757,0.0605,0.0605,https://www.orbitalfasteners.co.uk/products/m8-x-70-hexagon-head-set-screws-high-tensile-grade-8-8-bright-zinc-plated,https://www.harclob2b.com/m8-x-70-high-tensile-set-gr-8-8-zinc-plated-metalm-z0318m540070,M8 x 70 High Tensile Set Gr 8.8 Zinc Plated Metalmate DIN 933 (ISO 4017),100,800,7318158880,5050420675918,0.1211,0.0757,0.0757,0.0605,0.0605,0.0757,,,,,
hardware_set_screw_m8_75_mm_length,1851400,Z0318M540075,orbital_fasteners,200,0.176,0.11,0.11,0.088,0.088,https://www.orbitalfasteners.co.uk/products/m8-x-75-hexagon-head-set-screws-high-tensile-grade-8-8-bright-zinc-plated,https://www.harclob2b.com/m8-x-75-high-tensile-set-gr-8-8-zinc-plated-metalm-z0318m540075,M8 x 75 High Tensile Set Gr 8.8 Zinc Plated Metalmate DIN 933 (ISO 4017),100,600,7318158880,5050420654364,0.176,0.11,0.11,0.088,0.088,0.11,,,,,
hardware_set_screw_m8_80_mm_length,1851410,Z0318M540080,orbital_fasteners,200,0.1843,0.1152,0.1152,0.0922,0.0922,https://www.orbitalfasteners.co.uk/products/m8-x-80-hexagon-head-set-screws-high-tensile-grade-8-8-bright-zinc-plated,https://www.harclob2b.com/m8-x-80-high-tensile-set-gr-8-8-zinc-plated-metalm-z0318m540080,M8 x 80 High Tensile Set Gr 8.8 Zinc Plated Metalmate DIN 933 (ISO 4017),100,600,7318158880,5050420654371,0.1843,0.1152,0.1152,0.0922,0.0922,0.1152,,,,,
hardware_set_screw_m8_90_mm_length,1851411,Z0318M540090,orbital_fasteners,200,0.1962,0.1226,0.1226,0.098,0.098,https://www.orbitalfasteners.co.uk/products/m8-x-90-hexagon-head-set-screws-high-tensile-grade-8-8-bright-zinc-plated,https://www.harclob2b.com/m8-x-90-high-tensile-set-gr-8-8-zinc-plated-metalm-z0318m540090,M8 x 90 High Tensile Set Gr 8.8 Zinc Plated Metalmate DIN 933 (ISO 4017),100,600,7318158880,5050420654388,0.1962,0.1226,0.1226,0.098,0.098,0.1226,,,,,
hardware_set_screw_m8_110_mm_length,1851413,Z0318M540110,orbital_fasteners,200,0.3178,0.1986,0.1986,0.1589,0.1589,https://www.orbitalfasteners.co.uk/products/m8-x-110-hexagon-head-set-screws-high-tensile-grade-8-8-bright-zinc-plated-,https://www.harclob2b.com/m8-x-110-high-tensile-set-gr-8-8-zinc-plated-metal-z0318m540110,M8 x 110 High Tensile Set Gr 8.8 Zinc Plated Metalmate DIN 933 (ISO 4017),100,400,7318158880,5050420681056,0.3178,0.1986,0.1986,0.1589,0.1589,0.1986,,,,,
hardware_set_screw_m8_120_mm_length,1851414,Z0318M540120,orbital_fasteners,200,0.3336,0.2086,0.2086,0.1668,0.1668,https://www.orbitalfasteners.co.uk/products/m8-x-120-hexagon-head-set-screws-high-tensile-grade-8-8-bright-zinc-plated-,https://www.harclob2b.com/m8-x-120-high-tensile-set-gr-8-8-zinc-plated-metal-z0318m540120,M8 x 120 High Tensile Set Gr 8.8 Zinc Plated Metalmate DIN 933 (ISO 4017),100,400,7318158880,5050420676915,0.3336,0.2086,0.2086,0.1668,0.1668,0.2086,,,,,
hardware_set_screw_m8_130_mm_length,1851415,Z0318M540130,orbital_fasteners,200,0.36,0.225,0.225,0.18,0.18,https://www.orbitalfasteners.co.uk/products/m8-x-130-hexagon-head-set-screws-high-tensile-grade-8-8-bright-zinc-plated-,https://www.harclob2b.com/m8-x-130-high-tensile-set-gr-8-8-zinc-plated-metal-z0318m540130,M8 x 130 High Tensile Set Gr 8.8 Zinc Plated Metalmate DIN 933 (ISO 4017),50,300,7318158880,5050420681063,0.36,0.225,0.225,0.18,0.18,0.225,,,,,
hardware_set_screw_m8_140_mm_length,1851416,Z0318M540140,orbital_fasteners,200,0.4123,0.2578,0.2578,0.2062,0.2062,https://www.orbitalfasteners.co.uk/products/m8-x-140-hexagon-head-set-screws-high-tensile-grade-8-8-bright-zinc-plated,https://www.harclob2b.com/m8-x-140-high-tensile-set-gr-8-8-zinc-plated-metal-z0318m540140,M8 x 140 High Tensile Set Gr 8.8 Zinc Plated Metalmate DIN 933 (ISO 4017),50,300,7318158880,5050420681070,0.4123,0.2578,0.2578,0.2062,0.2062,0.2578,,,,,
hardware_set_screw_m8_150_mm_length,1851417,Z0318M540150,orbital_fasteners,200,0.4186,0.2616,0.2616,0.2093,0.2093,https://www.orbitalfasteners.co.uk/products/m8-x-150-hexagon-head-set-screws-high-tensile-grade-8-8-bright-zinc-plated-,https://www.harclob2b.com/m8-x-150-high-tensile-set-gr-8-8-zinc-plated-metal-z0318m540150,M8 x 150 High Tensile Set Gr 8.8 Zinc Plated Metalmate DIN 933 (ISO 4017),50,300,7318158880,5050420681087,0.4186,0.2616,0.2616,0.2093,0.2093,0.2616,,,,,
hardware_screw_socket_cap_m3_black_6_mm_length_hex_head,1891000,1150M390006,orbital_fasteners,200,0.0324,0.0324,0.018,0.0144,0.0144,https://www.orbitalfasteners.co.uk/products/m3-x-6-socket-cap-screw-high-tensile-grade-12-9-self-colour,https://www.harclob2b.com/m3-x-6-socket-cap-screw-gr12-9-self-colour-din-912-1150m390006,M3 x 6 Socket Cap Screw Gr12.9 Self Colour DIN 912 150,200,4800,7318156890,5050420695916,0.0324,0.0324,0.018,0.0144,0.0144,0.018,,,,,
hardware_screw_socket_cap_m3_black_8_mm_length_hex_head,1891010,1150M390008,orbital_fasteners,200,0.0337,0.0337,0.0187,0.015,0.015,https://www.orbitalfasteners.co.uk/products/m3-x-8-socket-cap-screw-high-tensile-grade-12-9-self-colour,https://www.harclob2b.com/m3-x-8-socket-cap-screw-gr12-9-self-colour-din-912-1150m390008,M3 x 8 Socket Cap Screw Gr12.9 Self Colour DIN 912 150,200,4800,7318156890,5050420695923,0.0337,0.0337,0.0187,0.015,0.015,0.0187,,,,,
hardware_screw_socket_cap_m3_black_10_mm_length_hex_head,1891020,1150M390010,orbital_fasteners,200,0.0337,0.0337,0.0187,0.015,0.015,https://www.orbitalfasteners.co.uk/products/m3-x-10-socket-cap-screw-high-tensile-grade-12-9-self-colour,https://www.harclob2b.com/m3-x-10-socket-cap-screw-gr12-9-self-colour-din-91-1150m390010,M3 x 10 Socket Cap Screw Gr12.9 Self Colour DIN 912 150,200,4800,7318156890,5050420695930,0.0337,0.0337,0.0187,0.015,0.015,0.0187,,,,,
hardware_screw_socket_cap_m3_black_12_mm_length_hex_head,1891030,1150M390012,orbital_fasteners,200,0.0354,0.0354,0.0197,0.0157,0.0157,https://www.orbitalfasteners.co.uk/products/m3-x-12-socket-cap-screw-high-tensile-grade-12-9-self-colour,https://www.harclob2b.com/m3-x-12-socket-cap-screw-gr12-9-self-colour-din-91-1150m390012,M3 x 12 Socket Cap Screw Gr12.9 Self Colour DIN 912 150,200,4800,7318156890,5050420695947,0.0354,0.0354,0.0197,0.0157,0.0157,0.0197,,,,,
hardware_screw_socket_cap_m3_black_16_mm_length_hex_head,1891040,1150M390016,orbital_fasteners,200,0.0376,0.0376,0.0209,0.0167,0.0167,https://www.orbitalfasteners.co.uk/products/m3-x-16-socket-cap-screw-high-tensile-grade-12-9-self-colour,https://www.harclob2b.com/m3-x-16-socket-cap-screw-gr12-9-self-colour-din-91-1150m390016,M3 x 16 Socket Cap Screw Gr12.9 Self Colour DIN 912 150,200,4800,7318156890,5050420695954,0.0376,0.0376,0.0209,0.0167,0.0167,0.0209,,,,,
hardware_screw_socket_cap_m3_black_20_mm_length_hex_head,1891050,1150M390020,orbital_fasteners,200,0.0415,0.0415,0.023,0.0185,0.0185,https://www.orbitalfasteners.co.uk/products/m3-x-20-socket-cap-screw-high-tensile-grade-12-9-self-colour,https://www.harclob2b.com/m3-x-20-socket-cap-screw-gr12-9-self-colour-din-91-1150m390020,M3 x 20 Socket Cap Screw Gr12.9 Self Colour DIN 912 150,200,4800,7318156890,5050420695978,0.0415,0.0415,0.023,0.0185,0.0185,0.023,,,,,
hardware_screw_socket_cap_m3_black_25_mm_length_hex_head,1891052,1150M390025,orbital_fasteners,200,0.048,0.048,0.0266,0.0214,0.0214,https://www.orbitalfasteners.co.uk/products/m3-x-25-socket-cap-screw-high-tensile-grade-12-9-self-colour-,https://www.harclob2b.com/m3-x-25-socket-cap-screw-gr12-9-self-colour-din-91-1150m390025,M3 x 25 Socket Cap Screw Gr12.9 Self Colour DIN 912 150,200,4800,7318156890,5050420695985,0.048,0.048,0.0266,0.0214,0.0214,0.0266,,,,,
hardware_screw_socket_cap_m3_black_30_mm_length_hex_head,1891054,1150M390030,orbital_fasteners,200,0.0557,0.0557,0.031,0.0247,0.0247,https://www.orbitalfasteners.co.uk/products/m3-x-30-socket-cap-screw-high-tensile-grade-12-9-self-colour,https://www.harclob2b.com/m3-x-30-socket-cap-screw-gr12-9-self-colour-din-91-1150m390030,M3 x 30 Socket Cap Screw Gr12.9 Self Colour DIN 912 150,200,4800,7318156890,5050420695992,0.0557,0.0557,0.031,0.0247,0.0247,0.031,,,,,
hardware_screw_socket_cap_m3_black_35_mm_length_hex_head,1891056,1150M390035,orbital_fasteners,200,0.0605,0.0605,0.0336,0.0302,0.0302,https://www.orbitalfasteners.co.uk/products/m3-x-35-socket-cap-screw-high-tensile-grade-12-9-self-colour,https://www.harclob2b.com/m3-x-35-socket-cap-screw-gr12-9-self-colour-din-91-1150m390035,M3 x 35 Socket Cap Screw Gr12.9 Self Colour DIN 912 150,200,3000,7318156890,5050420696005,0.0605,0.0605,0.0336,0.0302,0.0302,0.0336,,,,,
hardware_screw_socket_cap_m3_black_40_mm_length_hex_head,1891057,1150M390040,orbital_fasteners,200,0.0678,0.0678,0.0377,0.0301,0.0301,https://www.orbitalfasteners.co.uk/products/m3-x-40-socket-cap-screw-high-tensile-grade-12-9-self-colour,https://www.harclob2b.com/m3-x-40-socket-cap-screw-gr12-9-self-colour-din-91-1150m390040,M3 x 40 Socket Cap Screw Gr12.9 Self Colour DIN 912 150,200,4800,7318156890,5050420696012,0.0678,0.0678,0.0377,0.0301,0.0301,0.0377,,,,,
hardware_screw_socket_cap_m3_black_50_mm_length_hex_head,1891058,1150M390050,orbital_fasteners,200,0.1024,0.1024,0.0569,0.0455,0.0455,https://www.orbitalfasteners.co.uk/products/m3-x-50-socket-cap-screw-high-tensile-grade-12-9-self-colour,https://www.harclob2b.com/m3-x-50-socket-cap-screw-gr12-9-self-colour-din-91-1150m390050,M3 x 50 Socket Cap Screw Gr12.9 Self Colour DIN 912 150,200,3000,7318156890,5050420696036,0.1024,0.1024,0.0569,0.0455,0.0455,0.0569,,,,,
hardware_screw_socket_cap_m4_black_6_mm_length_hex_head,1891060,,orbital_fasteners,200,0.0324,0.0324,0.018,0.0144,0.0144,https://www.orbitalfasteners.co.uk/products/m4-x-6-socket-cap-screw-high-tensile-grade-12-9-self-colour,,,,,,,0.0324,0.0324,0.018,0.0144,0.0144,0.018,,,,,
hardware_screw_socket_cap_m4_black_8_mm_length_hex_head,1891070,,orbital_fasteners,200,0.0329,0.0329,0.0182,0.0146,0.0146,https://www.orbitalfasteners.co.uk/products/m4-x-8-socket-cap-screw-high-tensile-grade-12-9-self-colour,,,,,,,0.0329,0.0329,0.0182,0.0146,0.0146,0.0182,,,,,
hardware_screw_socket_cap_m4_black_10_mm_length_hex_head,1891080,,orbital_fasteners,200,0.0332,0.0332,0.0185,0.0148,0.0148,https://www.orbitalfasteners.co.uk/products/m4-x-10-socket-cap-screw-high-tensile-grade-12-9-self-colour,,,,,,,0.0332,0.0332,0.0185,0.0148,0.0148,0.0185,,,,,
hardware_screw_socket_cap_m4_black_12_mm_length_hex_head,1891090,,orbital_fasteners,200,0.0337,0.0337,0.0187,0.015,0.015,https://www.orbitalfasteners.co.uk/products/m4-x-12-socket-cap-screw-high-tensile-grade-12-9-self-colour,,,,,,,0.0337,0.0337,0.0187,0.015,0.015,0.0187,,,,,
hardware_screw_socket_cap_m4_black_14_mm_length_hex_head,1891095,,orbital_fasteners,200,0.0341,0.0341,0.019,0.0151,0.0151,https://www.orbitalfasteners.co.uk/products/m4-x-14-socket-cap-screw-high-tensile-grade-12-9-self-colour-din-912,,,,,,,0.0341,0.0341,0.019,0.0151,0.0151,0.019,,,,,
hardware_screw_socket_cap_m4_black_16_mm_length_hex_head,1891100,,orbital_fasteners,200,0.0354,0.0354,0.0197,0.0157,0.0157,https://www.orbitalfasteners.co.uk/products/m4-x-16-socket-cap-screw-high-tensile-grade-12-9-self-colour,,,,,,,0.0354,0.0354,0.0197,0.0157,0.0157,0.0197,,,,,
hardware_screw_socket_cap_m4_black_20_mm_length_hex_head,1891110,,orbital_fasteners,200,0.0372,0.0372,0.0206,0.0166,0.0166,https://www.orbitalfasteners.co.uk/products/m4-x-20-socket-cap-screw-high-tensile-grade-12-9-self-colour,,,,,,,0.0372,0.0372,0.0206,0.0166,0.0166,0.0206,,,,,
hardware_screw_socket_cap_m4_black_25_mm_length_hex_head,1891120,,orbital_fasteners,200,0.0424,0.0424,0.0235,0.0188,0.0188,https://www.orbitalfasteners.co.uk/products/m4-x-25-socket-cap-screw-high-tensile-grade-12-9-self-colour,,,,,,,0.0424,0.0424,0.0235,0.0188,0.0188,0.0235,,,,,
hardware_screw_socket_cap_m4_black_30_mm_length_hex_head,1891130,,orbital_fasteners,200,0.0462,0.0462,0.0257,0.0205,0.0205,https://www.orbitalfasteners.co.uk/products/m4-x-30-socket-cap-screw-high-tensile-grade-12-9-self-colour,,,,,,,0.0462,0.0462,0.0257,0.0205,0.0205,0.0257,,,,,
hardware_screw_socket_cap_m4_black_35_mm_length_hex_head,1891140,,orbital_fasteners,200,0.0527,0.0527,0.0293,0.0264,0.0234,https://www.orbitalfasteners.co.uk/products/m4-x-35-socket-cap-screw-high-tensile-grade-12-9-self-colour,,,,,,,0.0527,0.0527,0.0293,0.0264,0.0234,0.0293,,,,,
hardware_screw_socket_cap_m4_black_45_mm_length_hex_head,1891145,,orbital_fasteners,200,0.067,0.067,0.0372,0.0335,0.0298,https://www.orbitalfasteners.co.uk/products/m4-x-45-socket-cap-screw-high-tensile-grade-12-9-self-colour,,,,,,,0.067,0.067,0.0372,0.0335,0.0298,0.0372,,,,,
hardware_screw_socket_cap_m4_black_60_mm_length_hex_head,1891146,,orbital_fasteners,200,0.0989,0.0989,0.055,0.0439,0.0439,https://www.orbitalfasteners.co.uk/products/m4-x-60-socket-cap-screw-high-tensile-grade-12-9-self-colour,,,,,,,0.0989,0.0989,0.055,0.0439,0.0439,0.055,,,,,
hardware_screw_socket_cap_m4_black_65_mm_length_hex_head,1891147,,orbital_fasteners,200,0.1944,0.1944,0.108,0.0864,0.0864,https://www.orbitalfasteners.co.uk/products/m4-x-65-socket-cap-screw-high-tensile-grade-12-9-self-colour,,,,,,,0.1944,0.1944,0.108,0.0864,0.0864,0.108,,,,,
hardware_screw_socket_cap_m4_black_70_mm_length_hex_head,1891148,,orbital_fasteners,200,0.1728,0.1728,0.096,0.0768,0.0768,https://www.orbitalfasteners.co.uk/products/m4-x-70-socket-cap-screw-high-tensile-grade-12-9-self-colour,,,,,,,0.1728,0.1728,0.096,0.0768,0.0768,0.096,,,,,
hardware_screw_socket_cap_m4_black_75_mm_length_hex_head,1891149,,orbital_fasteners,200,0.2173,0.2173,0.1207,0.0966,0.0966,https://www.orbitalfasteners.co.uk/products/m4-x-75-socket-cap-screw-h-t-grade-12-9-self-colour,,,,,,,0.2173,0.2173,0.1207,0.0966,0.0966,0.1207,,,,,
hardware_screw_socket_cap_m4_black_40_mm_length_hex_head,1891150,,orbital_fasteners,200,0.0622,0.0622,0.0346,0.0311,0.0276,https://www.orbitalfasteners.co.uk/products/m4-x-40-socket-cap-screw-high-tensilegrade-12-9-self-colour,,,,,,,0.0622,0.0622,0.0346,0.0311,0.0276,0.0346,,,,,
hardware_screw_socket_cap_m4_black_50_mm_length_hex_head,1891160,,orbital_fasteners,200,0.0773,0.0773,0.043,0.0386,0.0343,https://www.orbitalfasteners.co.uk/products/m4-x-50-socket-cap-screw-high-tensile-grade-12-9-self-colour,,,,,,,0.0773,0.0773,0.043,0.0386,0.0343,0.043,,,,,
hardware_screw_socket_cap_m5_black_6_mm_length_hex_head,1891165,1150M470006,orbital_fasteners,200,0.0394,0.0394,0.0218,0.0175,0.0175,https://www.orbitalfasteners.co.uk/products/m5-x-6-socket-cap-screw-high-tensile-grade-12-9-self-colour,https://www.harclob2b.com/m5-x-6-socket-cap-screw-gr12-9-self-colour-din-912-1150m470006,M5 x 6 Socket Cap Screw Gr12.9 Self Colour DIN 912 165,200,4800,7318156890,5050420696258,0.0394,0.0394,0.0218,0.0175,0.0175,0.0218,,,,,
hardware_screw_socket_cap_m5_black_8_mm_length_hex_head,1891170,1150M470008,orbital_fasteners,200,0.0406,0.0406,0.0226,0.018,0.018,https://www.orbitalfasteners.co.uk/products/m5-x-8-socket-cap-screw-high-tensile-grade-12-9-self-colour,https://www.harclob2b.com/m5-x-8-socket-cap-screw-gr12-9-self-colour-din-912-1150m470008,M5 x 8 Socket Cap Screw Gr12.9 Self Colour DIN 912 150,200,4800,7318156890,5050420696265,0.0406,0.0406,0.0226,0.018,0.018,0.0226,,,,,
hardware_screw_socket_cap_m5_black_10_mm_length_hex_head,1891180,1150M470010,orbital_fasteners,200,0.0424,0.0424,0.0235,0.0188,0.0188,https://www.orbitalfasteners.co.uk/products/m5-x-10-socket-cap-screw-high-tensile-grade-12-9-self-colour,https://www.harclob2b.com/m5-x-10-socket-cap-screw-gr12-9-self-colour-din-91-1150m470010,M5 x 10 Socket Cap Screw Gr12.9 Self Colour DIN 912 150,200,4800,7318156890,5050420696272,0.0424,0.0424,0.0235,0.0188,0.0188,0.0235,,,,,
hardware_screw_socket_cap_m5_black_12_mm_length_hex_head,1891190,1150M470012,orbital_fasteners,200,0.0427,0.0427,0.0238,0.019,0.019,https://www.orbitalfasteners.co.uk/products/m5-x-12-socket-cap-screw-high-tensile-grade-12-9-self-colour,https://www.harclob2b.com/m5-x-12-socket-cap-screw-gr12-9-self-colour-din-91-1150m470012,M5 x 12 Socket Cap Screw Gr12.9 Self Colour DIN 912 150,200,4800,7318156890,5050420696289,0.0427,0.0427,0.0238,0.019,0.019,0.0238,,,,,
hardware_screw_socket_cap_m5_black_14_mm_length_hex_head,1891195,1150M470014,orbital_fasteners,200,0.0445,0.0445,0.0247,0.0198,0.0198,https://www.orbitalfasteners.co.uk/products/m5-x-14-socket-cap-screw-high-tensile-grade-12-9-self-colour-din-912,https://www.harclob2b.com/m5-x-14-socket-cap-screw-gr12-9-self-colour-din-91-1150m470014,M5 x 14 Socket Cap Screw Gr12.9 Self Colour DIN 912 165,200,4800,7318156890,5050420696296,0.0445,0.0445,0.0247,0.0198,0.0198,0.0247,,,,,
hardware_screw_socket_cap_m5_black_16_mm_length_hex_head,1891200,1150M470016,orbital_fasteners,200,0.0488,0.0488,0.0271,0.0217,0.0217,https://www.orbitalfasteners.co.uk/products/m5-x-16-socket-cap-screw-high-tensile-grade-12-9-self-colour,https://www.harclob2b.com/m5-x-16-socket-cap-screw-gr12-9-self-colour-din-91-1150m470016,M5 x 16 Socket Cap Screw Gr12.9 Self Colour DIN 912 150,200,4800,7318156890,5050420696319,0.0488,0.0488,0.0271,0.0217,0.0217,0.0271,,,,,
hardware_screw_socket_cap_m5_black_20_mm_length_hex_head,1891210,1150M470020,orbital_fasteners,200,0.0527,0.0527,0.0293,0.0264,0.0234,https://www.orbitalfasteners.co.uk/products/m5-x-20-socket-cap-screw-high-tensile-grade-12-9-self-colour,https://www.harclob2b.com/m5-x-20-socket-cap-screw-gr12-9-self-colour-din-91-1150m470020,M5 x 20 Socket Cap Screw Gr12.9 Self Colour DIN 912 150,200,3000,7318156890,5050420696326,0.0527,0.0527,0.0293,0.0264,0.0234,0.0293,,,,,
hardware_screw_socket_cap_m5_black_25_mm_length_hex_head,1891220,1150M470025,orbital_fasteners,200,0.0557,0.0557,0.031,0.0278,0.0247,https://www.orbitalfasteners.co.uk/products/m5-x-25-socket-cap-screw-high-tensile-grade-12-9-self-colour,https://www.harclob2b.com/m5-x-25-socket-cap-screw-gr12-9-self-colour-din-91-1150m470025,M5 x 25 Socket Cap Screw Gr12.9 Self Colour DIN 912 150,200,3000,7318156890,5050420696333,0.0557,0.0557,0.031,0.0278,0.0247,0.031,,,,,
hardware_screw_socket_cap_m5_black_30_mm_length_hex_head,1891230,1150M470030,orbital_fasteners,200,0.0578,0.0578,0.0322,0.0289,0.0257,https://www.orbitalfasteners.co.uk/products/m5-x-30-socket-cap-screw-high-tensile-grade-12-9-self-colour,https://www.harclob2b.com/m5-x-30-socket-cap-screw-gr12-9-self-colour-din-91-1150m470030,M5 x 30 Socket Cap Screw Gr12.9 Self Colour DIN 912 150,200,3000,7318156890,5050420696340,0.0578,0.0578,0.0322,0.0289,0.0257,0.0322,,,,,
hardware_screw_socket_cap_m5_black_35_mm_length_hex_head,1891240,1150M470035,orbital_fasteners,200,0.061,0.061,0.0338,0.0305,0.0271,https://www.orbitalfasteners.co.uk/products/m5-x-35-socket-cap-screw-high-tensile-grade-12-9-self-colour,https://www.harclob2b.com/m5-x-35-socket-cap-screw-gr12-9-self-colour-din-91-1150m470035,M5 x 35 Socket Cap Screw Gr12.9 Self Colour DIN 912 150,200,2400,7318156890,5050420696357,0.061,0.061,0.0338,0.0305,0.0271,0.0338,,,,,
hardware_screw_socket_cap_m5_black_40_mm_length_hex_head,1891250,1150M470040,orbital_fasteners,200,0.0726,0.0726,0.0403,0.0362,0.0323,https://www.orbitalfasteners.co.uk/products/m5-x-40-socket-cap-screw-high-tensile-grade-12-9-self-colour,https://www.harclob2b.com/m5-x-40-socket-cap-screw-gr12-9-self-colour-din-91-1150m470040,M5 x 40 Socket Cap Screw Gr12.9 Self Colour DIN 912 150,200,2400,7318156890,5050420696364,0.0726,0.0726,0.0403,0.0362,0.0323,0.0403,,,,,
hardware_screw_socket_cap_m5_black_45_mm_length_hex_head,1891251,1150M470045,orbital_fasteners,200,0.0838,0.0838,0.0466,0.0372,0.0372,https://www.orbitalfasteners.co.uk/products/m5-x-45-socket-cap-screw-high-tensile-grade-12-9-self-colour,https://www.harclob2b.com/m5-x-45-socket-cap-screw-gr12-9-self-colour-din-91-1150m470045,M5 x 45 Socket Cap Screw Gr12.9 Self Colour DIN 912 150,200,1600,7318156890,5050420696371,0.0838,0.0838,0.0466,0.0372,0.0372,0.0466,,,,,
hardware_screw_socket_cap_m5_black_50_mm_length_hex_head,1891260,1150M470050,orbital_fasteners,200,0.0859,0.0859,0.0478,0.0382,0.0382,https://www.orbitalfasteners.co.uk/products/m5-x-50-socket-cap-screw-high-tensile-grade-12-9-self-colour,https://www.harclob2b.com/m5-x-50-socket-cap-screw-gr12-9-self-colour-din-91-1150m470050,M5 x 50 Socket Cap Screw Gr12.9 Self Colour DIN 912 150,200,1600,7318156890,5050420696388,0.0859,0.0859,0.0478,0.0382,0.0382,0.0478,,,,,
hardware_screw_socket_cap_m5_black_60_mm_length_hex_head,1891263,1150M470060,orbital_fasteners,200,0.1054,0.1054,0.0586,0.0468,0.0468,https://www.orbitalfasteners.co.uk/products/m5-x-60-socket-cap-screw-high-tensile-grade-12-9-self-colour,https://www.harclob2b.com/m5-x-60-socket-cap-screw-gr12-9-self-colour-din-91-1150m470060,M5 x 60 Socket Cap Screw Gr12.9 Self Colour DIN 912 165,200,1600,7318156890,5050420696401,0.1054,0.1054,0.0586,0.0468,0.0468,0.0586,,,,,
hardware_screw_socket_cap_m5_black_65_mm_length_hex_head,1891264,1150M470065,orbital_fasteners,200,0.1158,0.1158,0.0643,0.0578,0.0515,https://www.orbitalfasteners.co.uk/products/m5-x-65-socket-cap-screw-high-tensile-grade-12-9-self-colour,https://www.harclob2b.com/m5-x-65-socket-cap-screw-gr12-9-self-colour-din-91-1150m470065,M5 x 65 Socket Cap Screw Gr12.9 Self Colour DIN 912 165,200,1600,7318156890,5050420696418,0.1158,0.1158,0.0643,0.0578,0.0515,0.0643,,,,,
hardware_screw_socket_cap_m5_black_70_mm_length_hex_head,1891265,1150M470070,orbital_fasteners,200,0.1188,0.1188,0.066,0.0594,0.0528,https://www.orbitalfasteners.co.uk/products/m5-x-70-socket-cap-screw-high-tensile-grade-12-9-self-colour,https://www.harclob2b.com/m5-x-70-socket-cap-screw-gr12-9-self-colour-din-91-1150m470070,M5 x 70 Socket Cap Screw Gr12.9 Self Colour DIN 912 165,200,1200,7318156890,5050420696425,0.1188,0.1188,0.066,0.0594,0.0528,0.066,,,,,
hardware_screw_socket_cap_m5_black_80_mm_length_hex_head,1891266,1150M470080,orbital_fasteners,200,0.1218,0.1218,0.0677,0.061,0.0541,https://www.orbitalfasteners.co.uk/products/m5-x-80-socket-cap-screw-high-tensile-grade-12-9-self-colour,https://www.harclob2b.com/m5-x-80-socket-cap-screw-gr12-9-self-colour-din-91-1150m470080,M5 x 80 Socket Cap Screw Gr12.9 Self Colour DIN 912 165,200,1200,7318156890,5050420696449,0.1218,0.1218,0.0677,0.061,0.0541,0.0677,,,,,
hardware_screw_socket_cap_m5_black_90_mm_length_hex_head,1891267,1150M470090,orbital_fasteners,200,0.1741,0.1741,0.0967,0.087,0.0774,https://www.orbitalfasteners.co.uk/products/m5-x-90-socket-cap-screw-high-tensile-grade-12-9-self-colour,https://www.harclob2b.com/m5-x-90-socket-cap-screw-gr12-9-self-colour-din-91-1150m470090,M5 x 90 Socket Cap Screw Gr12.9 Self Colour DIN 912 195,200,1200,7318156890,5050420696456,0.1741,0.1741,0.0967,0.087,0.0774,0.0967,,,,,
hardware_screw_socket_cap_m5_black_100_mm_length_hex_head,1891268,1150M470100,orbital_fasteners,200,0.2074,0.2074,0.1152,0.0922,0.0922,https://www.orbitalfasteners.co.uk/products/m5-x-100-socket-cap-screw-high-tensile-grade-12-9-self-colour,https://www.harclob2b.com/m5-x-100-socket-cap-screw-gr12-9-self-colour-din-9-1150m470100,M5 x 100 Socket Cap Screw Gr12.9 Self Colour DIN 912 195,100,800,7318156890,5050420696463,0.2074,0.2074,0.1152,0.0922,0.0922,0.1152,,,,,
hardware_screw_socket_cap_m5_black_110_mm_length_hex_head,1891269,1150M470110,orbital_fasteners,200,0.3331,0.185,0.185,0.1481,0.1481,https://www.orbitalfasteners.co.uk/products/m5-x-110-socket-cap-screw-high-tensile-grade-12-9-self-colour,https://www.harclob2b.com/m5-x-110-socket-cap-screw-gr12-9-self-colour-din-9-1150m470110,M5 x 110 Socket Cap Screw Gr12.9 Self Colour DIN 912 195,100,800,7318156890,5050420696470,0.3331,0.185,0.185,0.1481,0.1481,0.185,,,,,
hardware_screw_socket_cap_m6_black_10_mm_length_hex_head,1891270,1150M490010,orbital_fasteners,200,0.0605,0.0605,0.0336,0.0269,0.0269,https://www.orbitalfasteners.co.uk/products/m6-x-10-socket-cap-screw-high-tensile-grade-12-9-self-colour,https://www.harclob2b.com/m6-x-10-socket-cap-screw-gr12-9-self-colour-din-91-1150m490010,M6 x 10 Socket Cap Screw Gr12.9 Self Colour DIN 912 150,200,4800,7318156890,5050420667333,0.0605,0.0605,0.0336,0.0269,0.0269,0.0336,,,,,
hardware_screw_socket_cap_m6_black_8_mm_length_hex_head,1891271,1150M490008,orbital_fasteners,200,0.0596,0.0596,0.0331,0.0265,0.0265,https://www.orbitalfasteners.co.uk/products/m6-x-8-socket-cap-screw-high-tensile-grade-12-9-self-colour,https://www.harclob2b.com/m6-x-8-socket-cap-screw-gr12-9-self-colour-din-912-1150m490008,M6 x 8 Socket Cap Screw Gr12.9 Self Colour DIN 912 150,200,4800,7318156890,5050420667326,0.0596,0.0596,0.0331,0.0265,0.0265,0.0331,,,,,
hardware_screw_socket_cap_m5_black_75_mm_length_hex_head,1891272,1150M470075,orbital_fasteners,200,0.1296,0.1296,0.072,0.0648,0.0576,https://www.orbitalfasteners.co.uk/products/m5-x-75-socket-cap-screw-high-tensile-grade-12-9-self-colour-din-912,https://www.harclob2b.com/m5-x-75-socket-cap-screw-gr12-9-self-colour-din-91-1150m470075,M5 x 75 Socket Cap Screw Gr12.9 Self Colour DIN 912 165,200,1200,7318156890,5050420696432,0.1296,0.1296,0.072,0.0648,0.0576,0.072,,,,,
hardware_screw_socket_cap_m5_black_120_mm_length_hex_head,1891274,1150M470120,orbital_fasteners,200,0.3456,0.192,0.192,0.1536,0.1536,https://www.orbitalfasteners.co.uk/products/m5-x-120-socket-cap-screw-high-tensile-grade-12-9-self-colour-din-912,https://www.harclob2b.com/m5-x-120-socket-cap-screw-gr12-9-self-colour-din-9-1150m470120,M5 x 120 Socket Cap Screw Gr12.9 Self Colour DIN 912 195,100,800,7318156890,5050420696487,0.3456,0.192,0.192,0.1536,0.1536,0.192,,,,,
hardware_screw_socket_cap_m6_black_12_mm_length_hex_head,1891280,1150M490012,orbital_fasteners,200,0.0376,0.0376,0.0209,0.0188,0.0167,https://www.orbitalfasteners.co.uk/products/m6-x-12-socket-cap-screw-high-tensile-grade-12-9-self-colour,https://www.harclob2b.com/m6-x-12-socket-cap-screw-gr12-9-self-colour-din-91-1150m490012,M6 x 12 Socket Cap Screw Gr12.9 Self Colour DIN 912 150,200,3000,7318156890,5050420667340,0.0376,0.0376,0.0209,0.0188,0.0167,0.0209,,,,,
hardware_screw_socket_cap_m6_black_16_mm_length_hex_head,1891290,1150M490016,orbital_fasteners,200,0.0527,0.0527,0.0293,0.0264,0.0234,https://www.orbitalfasteners.co.uk/products/m6-x-16-socket-cap-screw-high-tensile-grade-12-9-self-colour,https://www.harclob2b.com/m6-x-16-socket-cap-screw-gr12-9-self-colour-din-91-1150m490016,M6 x 16 Socket Cap Screw Gr12.9 Self Colour DIN 912 150,200,3000,7318156890,5050420667371,0.0527,0.0527,0.0293,0.0264,0.0234,0.0293,,,,,
hardware_screw_socket_cap_m6_black_20_mm_length_hex_head,1891300,1150M490020,orbital_fasteners,200,0.054,0.054,0.03,0.027,0.024,https://www.orbitalfasteners.co.uk/products/m6-x-20-socket-cap-screw-high-tensile-grade-12-9-self-colour,https://www.harclob2b.com/m6-x-20-socket-cap-screw-gr12-9-self-colour-din-91-1150m490020,M6 x 20 Socket Cap Screw Gr12.9 Self Colour DIN 912 150,200,2400,7318156890,5050420667395,0.054,0.054,0.03,0.027,0.024,0.03,,,,,
hardware_screw_socket_cap_m6_black_25_mm_length_hex_head,1891310,1150M490025,orbital_fasteners,200,0.0674,0.0674,0.0374,0.0337,0.03,https://www.orbitalfasteners.co.uk/products/m6-x-25-socket-cap-screw-high-tensile-grade-12-9-self-colour,https://www.harclob2b.com/m6-x-25-socket-cap-screw-gr12-9-self-colour-din-91-1150m490025,M6 x 25 Socket Cap Screw Gr12.9 Self Colour DIN 912 150,200,2400,7318156890,5050420667401,0.0674,0.0674,0.0374,0.0337,0.03,0.0374,,,,,
hardware_screw_socket_cap_m6_black_30_mm_length_hex_head,1891320,1150M490030,orbital_fasteners,200,0.0773,0.0773,0.043,0.0386,0.0343,https://www.orbitalfasteners.co.uk/products/m6-x-30-socket-cap-screw-high-tensile-grade-12-9-self-colour-,https://www.harclob2b.com/m6-x-30-socket-cap-screw-gr12-9-self-colour-din-91-1150m490030,M6 x 30 Socket Cap Screw Gr12.9 Self Colour DIN 912 150,200,2400,7318156890,5050420667418,0.0773,0.0773,0.043,0.0386,0.0343,0.043,,,,,
hardware_screw_socket_cap_m6_black_35_mm_length_hex_head,1891330,1150M490035,orbital_fasteners,200,0.0786,0.0786,0.0437,0.0349,0.0349,https://www.orbitalfasteners.co.uk/products/m6-x-35-socket-cap-screw-high-tensile-grade-12-9-self-colour-,https://www.harclob2b.com/m6-x-35-socket-cap-screw-gr12-9-self-colour-din-91-1150m490035,M6 x 35 Socket Cap Screw Gr12.9 Self Colour DIN 912 150,200,1600,7318156890,5050420667425,0.0786,0.0786,0.0437,0.0349,0.0349,0.0437,,,,,
hardware_screw_socket_cap_m6_black_40_mm_length_hex_head,1891340,1150M490040,orbital_fasteners,200,0.0955,0.0955,0.053,0.0425,0.0425,https://www.orbitalfasteners.co.uk/products/m6-x-40-socket-cap-screw-high-tensile-grade-12-9-self-colour,https://www.harclob2b.com/m6-x-40-socket-cap-screw-gr12-9-self-colour-din-91-1150m490040,M6 x 40 Socket Cap Screw Gr12.9 Self Colour DIN 912 150,200,1600,7318156890,5050420667432,0.0955,0.0955,0.053,0.0425,0.0425,0.053,,,,,
hardware_screw_socket_cap_m6_black_45_mm_length_hex_head,1891350,1150M490045,orbital_fasteners,200,0.1037,0.1037,0.0576,0.0461,0.0461,https://www.orbitalfasteners.co.uk/products/m6-x-45-socket-cap-screw-high-tensile-grade-12-9-self-colour,https://www.harclob2b.com/m6-x-45-socket-cap-screw-gr12-9-self-colour-din-91-1150m490045,M6 x 45 Socket Cap Screw Gr12.9 Self Colour DIN 912 150,200,1600,7318156890,5050420667449,0.1037,0.1037,0.0576,0.0461,0.0461,0.0576,,,,,
hardware_screw_socket_cap_m6_black_50_mm_length_hex_head,1891360,1150M490050,orbital_fasteners,200,0.1106,0.1106,0.0614,0.0553,0.0492,https://www.orbitalfasteners.co.uk/products/m6-x-50-socket-cap-screw-high-tensile-grade-12-9-self-colour,https://www.harclob2b.com/m6-x-50-socket-cap-screw-gr12-9-self-colour-din-91-1150m490050,M6 x 50 Socket Cap Screw Gr12.9 Self Colour DIN 912 150,200,1200,7318156890,5050420667456,0.1106,0.1106,0.0614,0.0553,0.0492,0.0614,,,,,
hardware_screw_socket_cap_m6_black_60_mm_length_hex_head,1891370,1150M490060,orbital_fasteners,200,0.1283,0.1283,0.0713,0.0642,0.057,https://www.orbitalfasteners.co.uk/products/m6-x-60-socket-cap-screw-high-tensile-grade-12-9-self-colour,https://www.harclob2b.com/m6-x-60-socket-cap-screw-gr12-9-self-colour-din-91-1150m490060,M6 x 60 Socket Cap Screw Gr12.9 Self Colour DIN 912 165,200,1200,7318156890,5050420667463,0.1283,0.1283,0.0713,0.0642,0.057,0.0713,,,,,
hardware_screw_socket_cap_m6_black_70_mm_length_hex_head,1891372,1150M490070,orbital_fasteners,200,0.1378,0.1378,0.0766,0.0689,0.0612,https://www.orbitalfasteners.co.uk/products/m6-x-70-socket-cap-screw-high-tensile-grade-12-9-self-colour,https://www.harclob2b.com/m6-x-70-socket-cap-screw-gr12-9-self-colour-din-91-1150m490070,M6 x 70 Socket Cap Screw Gr12.9 Self Colour DIN 912 165,200,1200,7318156890,5050420667487,0.1378,0.1378,0.0766,0.0689,0.0612,0.0766,,,,,
hardware_screw_socket_cap_m6_black_75_mm_length_hex_head,1891373,1150M490075,orbital_fasteners,200,0.1404,0.1404,0.078,0.0624,0.0624,https://www.orbitalfasteners.co.uk/products/m6-x-75-socket-cap-screw-high-tensile-grade-12-9-self-colour,https://www.harclob2b.com/m6-x-75-socket-cap-screw-gr12-9-self-colour-din-91-1150m490075,M6 x 75 Socket Cap Screw Gr12.9 Self Colour DIN 912 165,200,800,7318156890,5050420667494,0.1404,0.1404,0.078,0.0624,0.0624,0.078,,,,,
hardware_screw_socket_cap_m6_black_65_mm_length_hex_head,1891374,1150M490065,orbital_fasteners,200,0.1313,0.1313,0.073,0.0656,0.0583,https://www.orbitalfasteners.co.uk/products/m6-x-65-socket-cap-screw-high-tensile-grade-12-9-self-colour,https://www.harclob2b.com/m6-x-65-socket-cap-screw-gr12-9-self-colour-din-91-1150m490065,M6 x 65 Socket Cap Screw Gr12.9 Self Colour DIN 912 165,200,1200,7318156890,5050420667470,0.1313,0.1313,0.073,0.0656,0.0583,0.073,,,,,
hardware_screw_socket_cap_m6_black_80_mm_length_hex_head,1891375,1150M490080,orbital_fasteners,200,0.1442,0.1442,0.0802,0.0641,0.0641,https://www.orbitalfasteners.co.uk/products/m6-x-80-socket-cap-screw-high-tensile-grade-12-9-self-colour,https://www.harclob2b.com/m6-x-80-socket-cap-screw-gr12-9-self-colour-din-91-1150m490080,M6 x 80 Socket Cap Screw Gr12.9 Self Colour DIN 912 165,200,800,7318156890,5050420696500,0.1442,0.1442,0.0802,0.0641,0.0641,0.0802,,,,,
hardware_screw_socket_cap_m6_black_90_mm_length_hex_head,1891376,1150M490090,orbital_fasteners,200,0.1594,0.1594,0.0886,0.0708,0.0708,https://www.orbitalfasteners.co.uk/products/m6-x-90-socket-cap-screw-high-tensile-grade-12-9-self-colour,https://www.harclob2b.com/m6-x-90-socket-cap-screw-gr12-9-self-colour-din-91-1150m490090,M6 x 90 Socket Cap Screw Gr12.9 Self Colour DIN 912 165,200,800,7318156890,5050420667500,0.1594,0.1594,0.0886,0.0708,0.0708,0.0886,,,,,
hardware_screw_socket_cap_m6_black_100_mm_length_hex_head,1891377,1150M490100,orbital_fasteners,200,0.2381,0.2381,0.1322,0.1058,0.1058,https://www.orbitalfasteners.co.uk/products/m6-x-100-socket-cap-screw-high-tensile-grade-12-9-self-colour,https://www.harclob2b.com/m6-x-100-socket-cap-screw-gr12-9-self-colour-din-9-1150m490100,M6 x 100 Socket Cap Screw Gr12.9 Self Colour DIN 912 165,200,800,7318156890,5050420667517,0.2381,0.2381,0.1322,0.1058,0.1058,0.1322,,,,,
hardware_screw_socket_cap_m6_black_110_mm_length_hex_head,1891378,1150M490110,orbital_fasteners,200,0.2657,0.2657,0.1476,0.1181,0.1181,https://www.orbitalfasteners.co.uk/products/m6-x-110-socket-cap-screw-high-tensile-grade-12-9-self-colour,https://www.harclob2b.com/m6-x-110-socket-cap-screw-gr12-9-self-colour-din-9-1150m490110,M6 x 110 Socket Cap Screw Gr12.9 Self Colour DIN 912 165,100,800,7318156890,5050420667524,0.2657,0.2657,0.1476,0.1181,0.1181,0.1476,,,,,
hardware_screw_countersunk_m3_black_6_mm_length_hex_head,1901000,1151M390006,orbital_fasteners,200,0.0281,0.0281,0.0156,0.0125,0.0125,https://www.orbitalfasteners.co.uk/products/m3-x-6-socket-screw-countersunk-high-tensile-grade-10-9-self-colour-din-7991,https://www.harclob2b.com/m3-x-6-socket-csk-screw-gr10-9-self-colour-din-799-1151m390006,M3 x 6 Socket Csk Screw Gr10.9 Self Colour DIN 7991 165,200,4800,7318156890,5050420669030,0.0281,0.0281,0.0156,0.0125,0.0125,0.0156,150,53.7,75,0.358,3.58
hardware_screw_countersunk_m3_black_8_mm_length_hex_head,1901010,1151M390008,orbital_fasteners,200,0.0286,0.0286,0.0158,0.0127,0.0127,https://www.orbitalfasteners.co.uk/products/m3-x-8-socket-screw-countersunk-high-tensile-grade-10-9-self-colour-din-7991,https://www.harclob2b.com/m3-x-8-socket-csk-screw-gr10-9-self-colour-din-799-1151m390008,M3 x 8 Socket Csk Screw Gr10.9 Self Colour DIN 7991 165,200,4800,7318156890,5050420669047,0.0286,0.0286,0.0158,0.0127,0.0127,0.0158,120,53.4,60,0.445,4.45
hardware_screw_countersunk_m3_black_10_mm_length_hex_head,1901020,1151M390010,orbital_fasteners,200,0.0294,0.0294,0.0163,0.0131,0.0131,https://www.orbitalfasteners.co.uk/products/m3-x-10-socket-screw-countersunk-high-tensile-grade-10-9-self-colour-din-7991,https://www.harclob2b.com/m3-x-10-socket-csk-screw-gr10-9-self-colour-din-79-1151m390010,M3 x 10 Socket Csk Screw Gr10.9 Self Colour DIN 7991 165,200,4800,7318156890,5050420669054,0.0294,0.0294,0.0163,0.0131,0.0131,0.0163,110,57.64,55,0.524,5.24
hardware_screw_countersunk_m3_black_12_mm_length_hex_head,1901030,1151M390012,orbital_fasteners,200,0.0302,0.0302,0.0168,0.0134,0.0134,https://www.orbitalfasteners.co.uk/products/m3-x-12-socket-screw-countersunk-high-tensile-grade-10-9-self-colour-din-7991,https://www.harclob2b.com/m3-x-12-socket-csk-screw-gr10-9-self-colour-din-79-1151m390012,M3 x 12 Socket Csk Screw Gr10.9 Self Colour DIN 7991 165,200,4800,7318156890,5050420669061,0.0302,0.0302,0.0168,0.0134,0.0134,0.0168,90,54.72,45,0.608,6.08
hardware_screw_countersunk_m3_black_16_mm_length_hex_head,1901040,,orbital_fasteners,200,0.0359,0.0359,0.0199,0.016,0.016,https://www.orbitalfasteners.co.uk/products/m3-x-16-socket-screw-countersunk-high-tensile-grade-10-9-self-colour-din-7991,,,,,,,0.0359,0.0359,0.0199,0.016,0.016,0.0199,70,53.76,35,0.768,7.68
hardware_screw_countersunk_m3_black_20_mm_length_hex_head,1901050,1151M390020,orbital_fasteners,200,0.0415,0.0415,0.023,0.0185,0.0185,https://www.orbitalfasteners.co.uk/products/m3-x-20-socket-screw-countersunk-high-tensile-grade-10-9-self-colour-din-7991,https://www.harclob2b.com/m3-x-20-socket-csk-screw-gr10-9-self-colour-din-79-1151m390020,M3 x 20 Socket Csk Screw Gr10.9 Self Colour DIN 7991 165,200,4800,7318156890,5050420696821,0.0415,0.0415,0.023,0.0185,0.0185,0.023,50,46.75,25,0.935,9.35
hardware_screw_countersunk_m3_black_25_mm_length_hex_head,1901051,1151M390025,orbital_fasteners,200,0.0424,0.0424,0.0235,0.0188,0.0188,https://www.orbitalfasteners.co.uk/products/m3-x-25-socket-screw-countersunk-high-tensile-grade-10-9-self-colour-din-7991,https://www.harclob2b.com/m3-x-25-socket-csk-screw-gr10-9-self-colour-din-79-1151m390025,M3 x 25 Socket Csk Screw Gr10.9 Self Colour DIN 7991 165,200,4800,7318156890,5050420669078,0.0424,0.0424,0.0235,0.0188,0.0188,0.0235,40,46.76,20,1.169,11.69
hardware_screw_countersunk_m3_black_30_mm_length_hex_head,1901052,,orbital_fasteners,200,0.0484,0.0484,0.0269,0.0215,0.0215,https://www.orbitalfasteners.co.uk/products/m3-x-30-socket-screw-countersunk-high-tensile-grade-10-9-self-colour-din-7991,,,,,,,0.0484,0.0484,0.0269,0.0215,0.0215,0.0269,,,,,
hardware_screw_countersunk_m3_black_35_mm_length_hex_head,1901054,,orbital_fasteners,200,0.1162,0.1162,0.0646,0.0516,0.0516,https://www.orbitalfasteners.co.uk/products/m3-x-35-socket-screw-countersunk-high-tensile-grade-10-9-self-colour-din-7991,,,,,,,0.1162,0.1162,0.0646,0.0516,0.0516,0.0646,,,,,
hardware_screw_countersunk_m4_black_6_mm_length_hex_head,1901055,1151M450006,orbital_fasteners,,0.0224,0.0224,0.0125,0.01,0.01,https://www.orbitalfasteners.co.uk/products/m4-x-6-socket-screw-countersunk-high-tensile-grade-10-9-self-colour-din-7991,https://www.harclob2b.com/m4-x-6-socket-csk-screw-gr10-9-self-colour-din-799-1151m450006,M4 x 6 Socket Csk Screw Gr10.9 Self Colour DIN 7991 165,200,4800,7318156890,5050420696838,0.0224,0.0224,0.0125,0.01,0.01,missing_value,,,,,
hardware_screw_countersunk_m4_black_10_mm_length_hex_head,1901070,1151M450010,orbital_fasteners,,0.0289,0.0289,0.0161,0.0128,0.0128,https://www.orbitalfasteners.co.uk/products/m4-x-10-socket-screw-countersunk-high-tensile-grade-10-9-self-colour-din-7991,https://www.harclob2b.com/m4-x-10-socket-csk-screw-gr10-9-self-colour-din-79-1151m450010,M4 x 10 Socket Csk Screw Gr10.9 Self Colour DIN 7991 165,200,4800,7318156890,5050420669092,0.0289,0.0289,0.0161,0.0128,0.0128,missing_value,,,,,
hardware_screw_countersunk_m4_black_12_mm_length_hex_head,1901080,1151M450012,orbital_fasteners,,0.0302,0.0302,0.0168,0.0134,0.0134,https://www.orbitalfasteners.co.uk/products/m4-x-12-socket-screw-countersunk-high-tensile-grade-10-9-self-colour-din-7991,https://www.harclob2b.com/m4-x-12-socket-csk-screw-gr10-9-self-colour-din-79-1151m450012,M4 x 12 Socket Csk Screw Gr10.9 Self Colour DIN 7991 165,200,4800,7318156890,5050420669108,0.0302,0.0302,0.0168,0.0134,0.0134,missing_value,,,,,
hardware_screw_countersunk_m4_black_16_mm_length_hex_head,1901090,1151M450016,orbital_fasteners,,0.0311,0.0311,0.0173,0.0138,0.0138,https://www.orbitalfasteners.co.uk/products/m4-x-16-socket-screw-countersunk-high-tensile-grade-10-9-self-colour-din-7991,https://www.harclob2b.com/m4-x-16-socket-csk-screw-gr10-9-self-colour-din-79-1151m450016,M4 x 16 Socket Csk Screw Gr10.9 Self Colour DIN 7991 165,200,4800,7318156890,5050420669115,0.0311,0.0311,0.0173,0.0138,0.0138,missing_value,,,,,
hardware_screw_countersunk_m4_black_20_mm_length_hex_head,1901100,1151M450020,orbital_fasteners,,0.0316,0.0316,0.0175,0.014,0.014,https://www.orbitalfasteners.co.uk/products/m4-x-20-socket-screw-countersunk-high-tensile-grade-10-9-self-colour-din-7991,https://www.harclob2b.com/m4-x-20-socket-csk-screw-gr10-9-self-colour-din-79-1151m450020,M4 x 20 Socket Csk Screw Gr10.9 Self Colour DIN 7991 165,200,4800,7318156890,5050420669122,0.0316,0.0316,0.0175,0.014,0.014,missing_value,,,,,
hardware_screw_countersunk_m4_black_25_mm_length_hex_head,1901110,1151M450025,orbital_fasteners,,0.0329,0.0329,0.0182,0.0146,0.0146,https://www.orbitalfasteners.co.uk/products/m4-x-25-socket-screw-countersunk-high-tensile-grade-10-9-self-colour-din-7991,https://www.harclob2b.com/m4-x-25-socket-csk-screw-gr10-9-self-colour-din-79-1151m450025,M4 x 25 Socket Csk Screw Gr10.9 Self Colour DIN 7991 165,200,4800,7318156890,5050420669139,0.0329,0.0329,0.0182,0.0146,0.0146,missing_value,,,,,
hardware_screw_countersunk_m4_black_30_mm_length_hex_head,1901120,,orbital_fasteners,,0.0337,0.0337,0.0187,0.015,0.015,https://www.orbitalfasteners.co.uk/products/m4-x-30-socket-screw-countersunk-high-tensile-grade-10-9-self-colour-din-7991,,,,,,,0.0337,0.0337,0.0187,0.015,0.015,missing_value,,,,,
hardware_screw_countersunk_m4_black_35_mm_length_hex_head,1901122,,orbital_fasteners,,0.0622,0.0622,0.0346,0.0311,0.0276,https://www.orbitalfasteners.co.uk/products/m4-x-35-socket-screw-countersunk-high-tensile-grade-10-9-self-colour-din-7991,,,,,,,0.0622,0.0622,0.0346,0.0311,0.0276,missing_value,,,,,
hardware_screw_countersunk_m4_black_40_mm_length_hex_head,1901124,1151M450040,orbital_fasteners,,0.0605,0.0605,0.0336,0.0269,0.0269,https://www.orbitalfasteners.co.uk/products/m4-x-40-socket-screw-countersunk-high-tensile-grade-10-9-self-colour-din-7991,https://www.harclob2b.com/m4-x-40-socket-csk-screw-gr10-9-self-colour-din-79-1151m450040,M4 x 40 Socket Csk Screw Gr10.9 Self Colour DIN 7991 165,200,3000,7318156890,5050420696845,0.0605,0.0605,0.0336,0.0269,0.0269,missing_value,,,,,
hardware_screw_countersunk_m5_black_8_mm_length_hex_head,1901130,,orbital_fasteners,,0.0251,0.0251,0.0139,0.0112,0.0112,https://www.orbitalfasteners.co.uk/products/m5-x-8-socket-screw-countersunk-high-tensile-grade-10-9-self-colour-din-7991,,,,,,,0.0251,0.0251,0.0139,0.0112,0.0112,missing_value,,,,,
hardware_screw_countersunk_m5_black_10_mm_length_hex_head,1901140,1151M470010,orbital_fasteners,,0.0316,0.0316,0.0175,0.014,0.014,https://www.orbitalfasteners.co.uk/products/m5-x-10-socket-screw-countersunk-high-tensile-grade-10-9-self-colour-din-7991,https://www.harclob2b.com/m5-x-10-socket-csk-screw-gr10-9-self-colour-din-79-1151m470010,M5 x 10 Socket Csk Screw Gr10.9 Self Colour DIN 7991 165,200,5400,7318156890,5050420669153,0.0316,0.0316,0.0175,0.014,0.014,missing_value,,,,,
hardware_screw_countersunk_m5_black_12_mm_length_hex_head,1901150,1151M470012,orbital_fasteners,,0.0329,0.0329,0.0182,0.0146,0.0146,https://www.orbitalfasteners.co.uk/products/m5-x-12-socket-screw-countersunk-high-tensile-grade-10-9-self-colour-din-7991,https://www.harclob2b.com/m5-x-12-socket-csk-screw-gr10-9-self-colour-din-79-1151m470012,M5 x 12 Socket Csk Screw Gr10.9 Self Colour DIN 7991 165,200,4800,7318156890,5050420669160,0.0329,0.0329,0.0182,0.0146,0.0146,missing_value,,,,,
hardware_screw_countersunk_m5_black_16_mm_length_hex_head,1901160,1151M470016,orbital_fasteners,,0.038,0.038,0.0211,0.0169,0.0169,https://www.orbitalfasteners.co.uk/products/m5-x-16-socket-screw-countersunk-high-tensile-grade-10-9-self-colour-din-7991,https://www.harclob2b.com/m5-x-16-socket-csk-screw-gr10-9-self-colour-din-79-1151m470016,M5 x 16 Socket Csk Screw Gr10.9 Self Colour DIN 7991 165,200,4800,7318156890,5050420669177,0.038,0.038,0.0211,0.0169,0.0169,missing_value,,,,,
hardware_screw_countersunk_m5_black_20_mm_length_hex_head,1901170,1151M470020,orbital_fasteners,,0.0406,0.0406,0.0226,0.018,0.018,https://www.orbitalfasteners.co.uk/products/m5-x-20-socket-screw-countersunk-high-tensile-grade-10-9-self-colour-din-7991,https://www.harclob2b.com/m5-x-20-socket-csk-screw-gr10-9-self-colour-din-79-1151m470020,M5 x 20 Socket Csk Screw Gr10.9 Self Colour DIN 7991. 165,200,4800,7318156890,5050420669184,0.0406,0.0406,0.0226,0.018,0.018,missing_value,,,,,
hardware_screw_countersunk_m5_black_25_mm_length_hex_head,1901180,1151M470025,orbital_fasteners,,0.048,0.048,0.0266,0.024,0.0214,https://www.orbitalfasteners.co.uk/products/m5-x-25-socket-screw-countersunk-high-tensile-grade-10-9-self-colour-din-7991,https://www.harclob2b.com/m5-x-25-socket-csk-screw-gr10-9-self-colour-din-79-1151m470025,M5 x 25 Socket Csk Screw Gr10.9 Self Colour DIN 7991 165,200,3000,7318156890,5050420669191,0.048,0.048,0.0266,0.024,0.0214,missing_value,,,,,
hardware_screw_countersunk_m5_black_30_mm_length_hex_head,1901190,1151M470030,orbital_fasteners,,0.0484,0.0484,0.0269,0.0242,0.0215,https://www.orbitalfasteners.co.uk/products/m5-x-30-socket-screw-countersunk-high-tensile-grade-10-9-self-colour-din-7991,https://www.harclob2b.com/m5-x-30-socket-csk-screw-gr10-9-self-colour-din-79-1151m470030,M5 x 30 Socket Csk Screw Gr10.9 Self Colour DIN 7991 165,200,3600,7318156890,5050420669207,0.0484,0.0484,0.0269,0.0242,0.0215,missing_value,,,,,
hardware_screw_countersunk_m5_black_35_mm_length_hex_head,1901200,1151M470035,orbital_fasteners,,0.0557,0.0557,0.031,0.0278,0.0247,https://www.orbitalfasteners.co.uk/products/m5-x-35-socket-screw-countersunk-high-tensile-grade-10-9-self-colour-din-7991,https://www.harclob2b.com/m5-x-35-socket-csk-screw-gr10-9-self-colour-din-79-1151m470035,M5 x 35 Socket Csk Screw Gr10.9 Self Colour DIN 7991 165,200,3000,7318156890,5050420696876,0.0557,0.0557,0.031,0.0278,0.0247,missing_value,,,,,
hardware_screw_countersunk_m5_black_40_mm_length_hex_head,1901210,1151M470040,orbital_fasteners,,0.06,0.06,0.0334,0.03,0.0266,https://www.orbitalfasteners.co.uk/products/m5-x-40-socket-screw-countersunk-high-tensile-grade-10-9-self-colour-din-7991,https://www.harclob2b.com/m5-x-40-socket-csk-screw-gr10-9-self-colour-din-79-1151m470040,M5 x 40 Socket Csk Screw Gr10.9 Self Colour DIN 7991 165,200,2400,7318156890,5050420669214,0.06,0.06,0.0334,0.03,0.0266,missing_value,,,,,
hardware_screw_countersunk_m5_black_45_mm_length_hex_head,1901212,1151M470045,orbital_fasteners,,0.0648,0.0648,0.036,0.0324,0.0288,https://www.orbitalfasteners.co.uk/products/m5-x-45-socket-screw-countersunk-high-tensile-grade-10-9-self-colour-din-7991,,,,,,,0.0648,0.0648,0.036,0.0324,0.0288,missing_value,,,,,
hardware_screw_countersunk_m5_black_50_mm_length_hex_head,1901220,1151M470050,orbital_fasteners,,0.1088,0.1088,0.0605,0.0484,0.0484,https://www.orbitalfasteners.co.uk/products/m5-x-50-socket-screw-countersunk-high-tensile-grade-10-9-self-colour-din-7991,https://www.harclob2b.com/m5-x-50-socket-csk-screw-gr10-9-self-colour-din-79-1151m470050,M5 x 50 Socket Csk Screw Gr10.9 Self Colour DIN 7991 165,200,1600,7318156890,5050420669221,0.1088,0.1088,0.0605,0.0484,0.0484,missing_value,,,,,
hardware_screw_countersunk_m6_black_8_mm_length_hex_head,1901240,,orbital_fasteners,,0.0656,0.0656,0.0365,0.0292,0.0292,https://www.orbitalfasteners.co.uk/products/m6-x-8-socket-screw-countersunk-high-tensile-grade-10-9-self-colour-din-7991,,,,,,,0.0656,0.0656,0.0365,0.0292,0.0292,missing_value,,,,,
hardware_screw_countersunk_m6_black_10_mm_length_hex_head,1901250,1151M490010,orbital_fasteners,,0.0656,0.0656,0.0365,0.0292,0.0292,https://www.orbitalfasteners.co.uk/products/m6-x-10-socket-screw-countersunk-high-tensile-grade-10-9-self-colour-din-7991,https://www.harclob2b.com/m6-x-10-socket-csk-screw-gr10-9-self-colour-din-79-1151m490010,M6 x 10 Socket Csk Screw Gr10.9 Self Colour DIN 7991 165,200,4800,7318156890,5050420669238,0.0656,0.0656,0.0365,0.0292,0.0292,missing_value,,,,,
hardware_screw_countersunk_m6_black_12_mm_length_hex_head,1901260,1151M490012,orbital_fasteners,,0.0389,0.0389,0.0216,0.0173,0.0173,https://www.orbitalfasteners.co.uk/products/m6-x-12-socket-screw-countersunk-high-tensile-grade-10-9-self-colour-din-7991,https://www.harclob2b.com/m6-x-12-socket-csk-screw-gr10-9-self-colour-din-79-1151m490012,M6 x 12 Socket Csk Screw Gr10.9 Self Colour DIN 7991 165,200,4800,7318156890,5050420669245,0.0389,0.0389,0.0216,0.0173,0.0173,missing_value,,,,,
hardware_screw_countersunk_m6_black_16_mm_length_hex_head,1901270,1151M490016,orbital_fasteners,,0.0402,0.0402,0.0223,0.0179,0.0179,https://www.orbitalfasteners.co.uk/products/m6-x-16-socket-screw-countersunk-high-tensile-grade-10-9-self-colour-din-7991,https://www.harclob2b.com/m6-x-16-socket-csk-screw-gr10-9-self-colour-din-79-1151m490016,M6 x 16 Socket Csk Screw Gr10.9 Self Colour DIN 7991 165,200,4800,7318156890,5050420669252,0.0402,0.0402,0.0223,0.0179,0.0179,missing_value,,,,,
hardware_screw_countersunk_m6_black_20_mm_length_hex_head,1901280,1151M490020,orbital_fasteners,,0.0445,0.0445,0.0247,0.0222,0.0198,https://www.orbitalfasteners.co.uk/products/m6-x-20-socket-screw-countersunk-high-tensile-grade-10-9-self-colour-din-7991,https://www.harclob2b.com/m6-x-20-socket-csk-screw-gr10-9-self-colour-din-79-1151m490020,M6 x 20 Socket Csk Screw Gr10.9 Self Colour DIN 7991 165,200,3600,7318156890,5050420669269,0.0445,0.0445,0.0247,0.0222,0.0198,missing_value,,,,,
hardware_screw_countersunk_m6_black_25_mm_length_hex_head,1901290,1151M490025,orbital_fasteners,,0.054,0.054,0.03,0.027,0.024,https://www.orbitalfasteners.co.uk/products/m6-x-25-socket-screw-countersunk-high-tensile-grade-10-9-self-colour-din-7991,https://www.harclob2b.com/m6-x-25-socket-csk-screw-gr10-9-self-colour-din-79-1151m490025,M6 x 25 Socket Csk Screw Gr10.9 Self Colour DIN 7991 165,200,3000,7318156890,5050420669276,0.054,0.054,0.03,0.027,0.024,missing_value,,,,,
hardware_screw_countersunk_m6_black_30_mm_length_hex_head,1901300,1151M490030,orbital_fasteners,,0.0622,0.0622,0.0346,0.0311,0.0276,https://www.orbitalfasteners.co.uk/products/m6-x-30-socket-screw-countersunk-high-tensile-grade-10-9-self-colour-din-7991,https://www.harclob2b.com/m6-x-30-socket-csk-screw-gr10-9-self-colour-din-79-1151m490030,M6 x 30 Socket Csk Screw Gr10.9 Self Colour DIN 7991 165,200,2400,7318156890,5050420669283,0.0622,0.0622,0.0346,0.0311,0.0276,missing_value,,,,,
hardware_screw_countersunk_m6_black_35_mm_length_hex_head,1901310,1151M490035,orbital_fasteners,,0.064,0.064,0.0355,0.0319,0.0284,https://www.orbitalfasteners.co.uk/products/m6-x-35-socket-screw-countersunk-high-tensile-grade-10-9-self-colour-din-7991,https://www.harclob2b.com/m6-x-35-socket-csk-screw-gr10-9-self-colour-din-79-1151m490035,M6 x 35 Socket Csk Screw Gr10.9 Self Colour DIN 7991 165,200,2400,7318156890,5050420669290,0.064,0.064,0.0355,0.0319,0.0284,missing_value,,,,,
hardware_screw_countersunk_m6_black_40_mm_length_hex_head,1901320,1151M490040,orbital_fasteners,,0.0791,0.0791,0.0439,0.0352,0.0352,https://www.orbitalfasteners.co.uk/products/m6-x-40-socket-screw-countersunk-high-tensile-grade-10-9-self-colour-din-7991,https://www.harclob2b.com/m6-x-40-socket-csk-screw-gr10-9-self-colour-din-79-1151m490040,M6 x 40 Socket Csk Screw Gr10.9 Self Colour DIN 7991 165,200,1600,7318156890,5050420669306,0.0791,0.0791,0.0439,0.0352,0.0352,missing_value,,,,,
hardware_screw_countersunk_m6_black_45_mm_length_hex_head,1901321,1151M490045,orbital_fasteners,,0.0838,0.0838,0.0466,0.0372,0.0372,https://www.orbitalfasteners.co.uk/products/m6-x-45-socket-screw-countersunk-high-tensile-grade-10-9-self-colour-din-7991,https://www.harclob2b.com/m6-x-45-socket-csk-screw-gr10-9-self-colour-din-79-1151m490045,M6 x 45 Socket Csk Screw Gr10.9 Self Colour DIN 7991 165,200,1600,7318156890,5050420669313,0.0838,0.0838,0.0466,0.0372,0.0372,missing_value,,,,,
hardware_screw_countersunk_m6_black_50_mm_length_hex_head,1901322,1151M490050,orbital_fasteners,,0.0886,0.0886,0.0492,0.0394,0.0394,https://www.orbitalfasteners.co.uk/products/m6-x-50-socket-screw-countersunk-high-tensile-grade-10-9-self-colour-din-7991,https://www.harclob2b.com/m6-x-50-socket-csk-screw-gr10-9-self-colour-din-79-1151m490050,M6 x 50 Socket Csk Screw Gr10.9 Self Colour DIN 7991 165,200,1600,7318156890,5050420669320,0.0886,0.0886,0.0492,0.0394,0.0394,missing_value,,,,,
hardware_screw_countersunk_m6_black_55_mm_length_hex_head,1901323,1151M490055,orbital_fasteners,,0.1123,0.1123,0.0624,0.0499,0.0499,https://www.orbitalfasteners.co.uk/products/m6-x-55-socket-screw-countersunk-high-tensile-grade-10-9-self-colour-din-7991,https://www.harclob2b.com/m6-x-55-socket-csk-screw-gr10-9-self-colour-din-79-1151m490055,M6 x 55 Socket Csk Screw Gr10.9 Self Colour DIN 7991 165,200,1200,7318156890,5050420696906,0.1123,0.1123,0.0624,0.0499,0.0499,missing_value,,,,,
hardware_screw_countersunk_m6_black_60_mm_length_hex_head,1901324,1151M490060,orbital_fasteners,,0.1145,0.1145,0.0636,0.0572,0.0509,https://www.orbitalfasteners.co.uk/products/m6-x-60-socket-screw-countersunk-high-tensile-grade-10-9-self-colour-din-7991,https://www.harclob2b.com/m6-x-60-socket-csk-screw-gr10-9-self-colour-din-79-1151m490060,M6 x 60 Socket Csk Screw Gr10.9 Self Colour DIN 7991 165,200,1200,7318156890,5050420669337,0.1145,0.1145,0.0636,0.0572,0.0509,missing_value,,,,,
hardware_screw_countersunk_m6_black_70_mm_length_hex_head,1901325,1151M490070,orbital_fasteners,,0.1193,0.1193,0.0662,0.053,0.053,https://www.orbitalfasteners.co.uk/products/m6-x-70-socket-screw-countersunk-high-tensile-grade-10-9-self-colour-din-7991,https://www.harclob2b.com/m6-x-70-socket-csk-screw-gr10-9-self-colour-din-79-1151m490070,M6 x 70 Socket Csk Screw Gr10.9 Self Colour DIN 7991 165,200,800,7318156890,5050420669344,0.1193,0.1193,0.0662,0.053,0.053,missing_value,,,,,
hardware_screw_countersunk_m6_black_80_mm_length_hex_head,1901326,1151M490080,orbital_fasteners,,0.1248,0.1248,0.0694,0.0554,0.0554,https://www.orbitalfasteners.co.uk/products/m6-x-80-socket-screw-countersunk-high-tensile-grade-10-9-self-colour-din-7991,https://www.harclob2b.com/m6-x-80-socket-csk-screw-gr10-9-self-colour-din-79-1151m490080,M6 x 80 Socket Csk Screw Gr10.9 Self Colour DIN 7991 165,200,800,7318156890,5050420674485,0.1248,0.1248,0.0694,0.0554,0.0554,missing_value,,,,,
hardware_nut_m6_coupling,1961000,,orbital_fasteners,,0.0846,0.0706,0.0706,0.0564,0.0564,https://www.orbitalfasteners.co.uk/products/studding-connectors-mild-steel-m6x18-bright-zinc-plated-grade-4-din-6334-din-6334,,,,,,,0.0846,0.0706,0.0706,0.0564,0.0564,missing_value,,,,,
hardware_nut_m8_coupling,1961010,,orbital_fasteners,,0.1314,0.1096,0.1096,0.0876,0.0876,https://www.orbitalfasteners.co.uk/products/studding-connectors-mild-steel-m8x24-bright-zinc-plated-grade-4-din-6334,,,,,,,0.1314,0.1096,0.1096,0.0876,0.0876,missing_value,,,,,
hardware_screw_socket_cap_m3_black_45_mm_length_hex_head,,1150M390045,,,,,,,,,https://www.harclob2b.com/m3-x-45-socket-cap-screw-gr12-9-self-colour-din-91-1150m390045,M3 x 45 Socket Cap Screw Gr12.9 Self Colour DIN 912 150,200,3000,7318156890,5050420696029,missing_value,missing_value,missing_value,missing_value,missing_value,missing_value,,,,,
hardware_screw_socket_cap_m3_black_5_mm_length_hex_head,,1150M390005,,,,,,,,,https://www.harclob2b.com/m3-x-5-socket-cap-screw-gr12-9-self-colour-din-912-1150m390005,M3 x 5 Socket Cap Screw Gr12.9 Self Colour DIN 912 165,200,4800,7318156890,5050420695909,missing_value,missing_value,missing_value,missing_value,missing_value,missing_value,,,,,
hardware_screw_socket_cap_m3_black_60_mm_length_hex_head,,1150M390060,,,,,,,,,https://www.harclob2b.com/m3-x-60-socket-cap-screw-gr12-9-self-colour-din-91-1150m390060,M3 x 60 Socket Cap Screw Gr12.9 Self Colour DIN 912 195,200,1000,7318156890,5050420696043,missing_value,missing_value,missing_value,missing_value,missing_value,missing_value,,,,,
hardware_set_screw_m5_18_mm_length,,,,,,,,,,,,,,,,,missing_value,missing_value,missing_value,missing_value,missing_value,missing_value,,,,,
hardware_set_screw_m5_55_mm_length,,,,,,,,,,,,,,,,,missing_value,missing_value,missing_value,missing_value,missing_value,missing_value,,,,,
